timestamp,signal_timestamp,tf,side,signal_price,entry_price,tp,sl,atr,direction,trend,momentum
2026-03-19 06:14:59.999,2026-03-19 06:14:59.999,15m,SHORT,70006.9,69957.4,69533.56,70582.29,271.69,down,bearish,breakout_up_strong
2026-03-19 06:59:59.999,2026-03-19 06:59:59.999,15m,SHORT,70463.0,70413.5,69964.29,71075.79,287.95,down,bearish,breakout_up_weak
2026-03-19 07:14:59.999,2026-03-19 07:14:59.999,15m,SHORT,70382.1,70463.0,70028.61,71103.45,278.46,down,bearish,trend_continuation_down
2026-03-19 07:29:59.999,2026-03-19 07:29:59.999,15m,SHORT,70369.5,70382.2,69963.78,70999.1,268.22,down,bearish,bullish_pressure
2026-03-19 07:59:59.999,2026-03-19 07:59:59.999,15m,SHORT,70102.0,70189.9,69788.33,70781.96,257.42,down,bearish,breakout_up_strong
2026-03-19 08:14:59.999,2026-03-19 08:14:59.999,15m,SHORT,70101.8,70102.1,69711.41,70678.12,250.44,down,bearish,exhaustion_up
2026-03-19 08:44:59.999,2026-03-19 08:44:59.999,15m,SHORT,69993.4,70163.1,69791.98,70710.26,237.9,down,bearish,breakout_down_weak
2026-03-19 08:59:59.999,2026-03-19 08:59:59.999,15m,SHORT,69926.8,69993.5,69621.48,70541.99,238.48,down,bearish,exhaustion_up
2026-03-19 09:14:59.999,2026-03-19 09:14:59.999,15m,SHORT,69773.1,69926.8,69562.53,70463.86,233.51,down,bearish,breakout_down_strong
2026-03-19 09:29:59.999,2026-03-19 09:29:59.999,15m,SHORT,69577.5,69773.1,69394.88,70330.73,242.45,down,bearish,breakout_down_strong
2026-03-19 09:44:59.999,2026-03-19 09:44:59.999,15m,SHORT,69606.7,69577.5,69196.22,70139.64,244.41,down,bearish,inside_bearish_weak
2026-03-19 10:14:59.999,2026-03-19 10:14:59.999,15m,SHORT,69067.4,69264.7,68848.63,69878.14,266.71,down,bearish,breakout_up_weak
2026-03-19 10:44:59.999,2026-03-19 10:44:59.999,15m,SHORT,69673.4,69311.9,68865.26,69970.41,286.31,down,bearish,breakout_up_weak
2026-03-19 10:59:59.999,2026-03-19 10:59:59.999,15m,SHORT,69866.3,69673.3,69193.08,70381.32,307.83,down,bearish,breakout_up_weak
2026-03-19 11:14:59.999,2026-03-19 11:14:59.999,15m,SHORT,69478.4,69866.2,69359.66,70613.02,324.7,down,bearish,breakout_down_weak
2026-03-19 11:29:59.999,2026-03-19 11:29:59.999,15m,SHORT,69134.6,69478.3,68930.89,70285.38,350.9,down,bearish,breakout_down_weak
2026-03-19 11:44:59.999,2026-03-19 11:44:59.999,15m,SHORT,69250.0,69134.7,68578.31,69955.02,356.66,down,bearish,trend_continuation_up
2026-03-19 12:14:59.999,2026-03-19 12:14:59.999,15m,SHORT,69664.6,69450.0,68897.0,70265.33,354.49,down,bearish,breakout_up_strong
2026-03-19 12:29:59.999,2026-03-19 12:29:59.999,15m,SHORT,69168.1,69664.6,69099.18,70498.23,362.45,down,bearish,breakout_down_strong
2026-03-19 12:44:59.999,2026-03-19 12:44:59.999,15m,SHORT,68862.4,69168.0,68575.11,70042.13,380.06,down,bearish,exhaustion_up
2026-03-19 12:59:59.999,2026-03-19 12:59:59.999,15m,SHORT,69372.7,68862.4,68255.56,69757.09,389.0,down,bearish,trend_continuation_up
2026-03-19 13:29:59.999,2026-03-19 13:29:59.999,15m,SHORT,69497.2,69306.9,68664.96,70253.36,411.5,down,bearish,exhaustion_down
2026-03-19 13:44:59.999,2026-03-19 13:44:59.999,15m,SHORT,69485.8,69497.2,68850.65,70450.44,414.45,down,bearish,breakout_down_strong
2026-03-19 14:14:59.999,2026-03-19 14:14:59.999,15m,SHORT,69194.0,69426.3,68799.72,70350.11,401.66,down,bearish,breakout_down_strong
2026-03-19 14:29:59.999,2026-03-19 14:29:59.999,15m,SHORT,69631.2,69194.0,68567.88,70117.13,401.36,down,bearish,breakout_up_strong
2026-03-19 14:59:59.999,2026-03-19 14:59:59.999,15m,SHORT,69820.0,69550.0,68919.1,70480.17,404.42,down,bearish,breakout_up_strong
2026-03-19 15:14:59.999,2026-03-19 15:14:59.999,15m,SHORT,69800.0,69820.0,69186.89,70753.43,405.84,down,bearish,breakout_down_weak
2026-03-19 15:59:59.999,2026-03-19 15:59:59.999,15m,SHORT,69787.5,69683.0,69104.78,70535.5,370.65,down,bearish,breakout_down_strong
2026-03-19 16:14:59.999,2026-03-19 16:14:59.999,15m,SHORT,70316.3,69787.4,69219.92,70624.07,363.77,down,bearish,breakout_up_strong
2026-03-19 16:29:59.999,2026-03-19 16:29:59.999,15m,SHORT,70243.1,70316.4,69705.68,71216.82,391.49,down,bearish,trend_continuation_up
2026-03-19 17:29:59.999,2026-03-19 17:29:59.999,15m,SHORT,70300.0,70253.9,69690.91,71083.95,360.89,down,bearish,breakout_up_strong
2026-03-19 17:59:59.999,2026-03-19 17:59:59.999,15m,SHORT,70444.3,70471.9,69925.03,71278.19,350.56,up,bearish,breakout_down_weak
2026-03-19 18:14:59.999,2026-03-19 18:14:59.999,15m,SHORT,70647.0,70444.4,69925.11,71210.02,332.88,up,bearish,breakout_up_weak
2026-03-19 18:29:59.999,2026-03-19 18:29:59.999,15m,SHORT,70510.4,70647.1,70137.6,71398.28,326.6,up,bearish,breakout_down_strong
2026-03-19 18:44:59.999,2026-03-19 18:44:59.999,15m,SHORT,70424.8,70510.5,70017.59,71237.22,315.97,up,bearish,breakout_down_weak
2026-03-19 18:59:59.999,2026-03-19 18:59:59.999,15m,SHORT,70376.1,70424.8,69949.8,71125.12,304.49,up,bearish,breakout_down_strong
2026-03-19 19:14:59.999,2026-03-19 19:14:59.999,15m,SHORT,70410.0,70376.0,69914.43,71056.51,295.88,up,bearish,breakout_down_weak
2026-03-19 19:44:59.999,2026-03-19 19:44:59.999,15m,SHORT,70036.9,70342.0,69912.8,70974.8,275.13,up,bearish,breakout_down_weak
2026-03-19 19:59:59.999,2026-03-19 19:59:59.999,15m,SHORT,70157.0,70036.9,69590.24,70695.44,286.32,up,bearish,breakout_up_weak
2026-03-19 20:14:59.999,2026-03-19 20:14:59.999,15m,SHORT,70165.7,70156.9,69721.36,70799.04,279.19,up,bearish,breakout_up_strong
2026-03-19 20:44:59.999,2026-03-19 20:44:59.999,15m,SHORT,69819.0,70114.8,69701.77,70723.75,264.76,up,bearish,breakout_down_strong
2026-03-19 21:14:59.999,2026-03-19 21:14:59.999,15m,SHORT,70050.0,69887.4,69461.46,70515.39,273.04,up,bearish,breakout_down_strong
2026-03-19 21:29:59.999,2026-03-19 21:29:59.999,15m,SHORT,70074.9,70050.0,69621.49,70681.78,274.69,up,bearish,breakout_up_weak
2026-03-19 21:59:59.999,2026-03-19 21:59:59.999,15m,SHORT,70159.9,70188.5,69769.11,70806.84,268.84,up,bearish,exhaustion_up
2026-03-19 22:44:59.999,2026-03-19 22:44:59.999,15m,SHORT,70540.4,70359.3,69969.07,70934.64,250.15,up,bearish,breakout_up_weak
2026-03-19 22:59:59.999,2026-03-19 22:59:59.999,15m,SHORT,70370.9,70540.3,70155.16,71108.14,246.89,up,bearish,inside_bearish_weak
2026-03-19 23:14:59.999,2026-03-19 23:14:59.999,15m,SHORT,70321.5,70370.8,69990.26,70931.86,243.94,up,bearish,exhaustion_down
2026-03-19 23:29:59.999,2026-03-19 23:29:59.999,15m,SHORT,70209.9,70321.5,69947.71,70872.6,239.61,up,bearish,breakout_down_strong
2026-03-19 23:44:59.999,2026-03-19 23:44:59.999,15m,SHORT,70238.3,70210.0,69841.75,70752.93,236.06,up,bearish,breakout_down_strong
2026-03-20 00:14:59.999,2026-03-20 00:14:59.999,15m,SHORT,70376.3,70373.8,69999.9,70925.07,239.68,up,bearish,breakout_down_weak
2026-03-20 00:44:59.999,2026-03-20 00:44:59.999,15m,SHORT,70574.0,70636.0,70271.33,71173.65,233.76,up,bearish,breakout_up_weak
2026-03-20 01:14:59.999,2026-03-20 01:14:59.999,15m,SHORT,70888.9,70696.1,70329.78,71236.19,234.82,up,bearish,inside_bullish_weak
2026-03-20 01:29:59.999,2026-03-20 01:29:59.999,15m,SHORT,70887.9,70888.9,70517.47,71436.53,238.1,up,bearish,breakout_down_strong
2026-03-20 01:59:59.999,2026-03-20 01:59:59.999,15m,SHORT,70743.4,70571.5,70199.36,71120.17,238.55,up,bearish,breakout_up_strong
2026-03-20 02:14:59.999,2026-03-20 02:14:59.999,15m,SHORT,70812.9,70743.3,70373.12,71289.08,237.3,up,bearish,exhaustion_up
2026-03-20 02:29:59.999,2026-03-20 02:29:59.999,15m,SHORT,70595.3,70812.8,70455.69,71339.31,228.92,up,bearish,inside_bearish_weak
2026-03-20 02:44:59.999,2026-03-20 02:44:59.999,15m,SHORT,70669.8,70595.2,70234.03,71127.69,231.52,up,bearish,breakout_down_weak
2026-03-20 03:29:59.999,2026-03-20 03:29:59.999,15m,SHORT,70450.7,70495.5,70148.49,71007.12,222.45,up,bearish,breakout_down_strong
2026-03-20 03:59:59.999,2026-03-20 03:59:59.999,15m,SHORT,70462.0,70427.1,70090.75,70923.0,215.61,up,bearish,breakout_up_weak
2026-03-20 04:14:59.999,2026-03-20 04:14:59.999,15m,SHORT,70244.0,70461.9,70136.76,70941.27,208.42,up,bearish,breakout_down_strong
2026-03-20 04:29:59.999,2026-03-20 04:29:59.999,15m,SHORT,70420.7,70243.9,69908.45,70738.48,215.03,up,bearish,trend_continuation_up
2026-03-20 04:44:59.999,2026-03-20 04:44:59.999,15m,SHORT,70819.5,70420.6,70076.22,70928.33,220.75,up,bearish,breakout_up_strong
2026-03-20 04:59:59.999,2026-03-20 04:59:59.999,15m,SHORT,70811.9,70819.4,70451.01,71362.54,236.15,up,bearish,exhaustion_up
2026-03-20 05:44:59.999,2026-03-20 05:44:59.999,15m,SHORT,71068.3,71205.6,70821.19,71772.36,246.42,up,bearish,exhaustion_down
2026-03-20 05:59:59.999,2026-03-20 05:59:59.999,15m,SHORT,71000.4,71068.3,70694.12,71619.97,239.86,up,bearish,exhaustion_down
2026-03-20 06:14:59.999,2026-03-20 06:14:59.999,15m,SHORT,70802.3,71000.4,70636.12,71537.48,233.51,up,bearish,breakout_down_weak
2026-03-20 06:29:59.999,2026-03-20 06:29:59.999,15m,SHORT,70471.1,70802.3,70441.87,71333.71,231.05,up,bearish,breakout_down_strong
2026-03-20 06:44:59.999,2026-03-20 06:44:59.999,15m,SHORT,70606.0,70471.1,70085.69,71039.33,247.06,up,bearish,breakout_up_strong
2026-03-20 06:59:59.999,2026-03-20 06:59:59.999,15m,SHORT,70544.9,70606.0,70219.95,71175.17,247.47,up,bearish,breakout_down_strong
2026-03-20 07:14:59.999,2026-03-20 07:14:59.999,15m,SHORT,70331.2,70545.0,70167.02,71102.29,242.3,up,bearish,breakout_down_weak
2026-03-20 07:44:59.999,2026-03-20 07:44:59.999,15m,SHORT,70496.1,70293.5,69906.89,70863.51,247.83,up,bearish,breakout_up_strong
2026-03-20 07:59:59.999,2026-03-20 07:59:59.999,15m,SHORT,70580.9,70496.1,70094.18,71088.67,257.64,up,bearish,trend_continuation_up
2026-03-20 08:14:59.999,2026-03-20 08:14:59.999,15m,SHORT,70743.2,70580.9,70191.29,71155.33,249.75,up,bearish,breakout_up_weak
2026-03-20 08:29:59.999,2026-03-20 08:29:59.999,15m,SHORT,70670.0,70743.3,70353.8,71317.56,249.68,up,bearish,trend_continuation_down
2026-03-20 08:59:59.999,2026-03-20 08:59:59.999,15m,SHORT,70439.9,70364.1,69964.17,70953.74,256.36,up,bearish,bearish_pressure
2026-03-20 09:14:59.999,2026-03-20 09:14:59.999,15m,SHORT,70536.4,70440.0,70049.09,71016.34,250.58,up,bearish,breakout_up_weak
2026-03-20 09:29:59.999,2026-03-20 09:29:59.999,15m,SHORT,70406.5,70536.4,70141.92,71118.01,252.87,up,bearish,bullish_pressure
2026-03-20 09:44:59.999,2026-03-20 09:44:59.999,15m,SHORT,70320.0,70406.6,70014.68,70984.44,251.23,up,bearish,breakout_down_strong
2026-03-20 10:14:59.999,2026-03-20 10:14:59.999,15m,SHORT,70285.3,70304.7,69929.35,70858.1,240.61,up,bearish,breakout_up_weak
2026-03-20 10:44:59.999,2026-03-20 10:44:59.999,15m,SHORT,70292.8,70464.5,70083.98,71025.53,243.93,down,bearish,breakout_down_strong
2026-03-20 11:29:59.999,2026-03-20 11:29:59.999,15m,SHORT,69911.8,69781.3,69300.96,70489.5,307.91,down,bearish,breakout_down_weak
2026-03-20 11:44:59.999,2026-03-20 11:44:59.999,15m,SHORT,69943.0,69911.9,69420.86,70635.87,314.77,down,bearish,breakout_up_strong
2026-03-20 12:14:59.999,2026-03-20 12:14:59.999,15m,SHORT,69737.1,69705.9,69195.05,70459.08,327.47,down,bearish,inside_bearish_weak
2026-03-20 12:44:59.999,2026-03-20 12:44:59.999,15m,SHORT,69877.3,69790.7,69261.82,70570.46,339.03,down,bearish,breakout_up_weak
2026-03-20 13:29:59.999,2026-03-20 13:29:59.999,15m,SHORT,69994.0,69954.6,69453.77,70693.0,321.04,down,bearish,inside_bullish_weak
2026-03-20 13:59:59.999,2026-03-20 13:59:59.999,15m,SHORT,69792.1,69739.0,69244.5,70468.07,316.99,down,bearish,exhaustion_up
2026-03-20 14:44:59.999,2026-03-20 14:44:59.999,15m,SHORT,69541.4,69621.3,69140.09,70330.77,308.47,down,bearish,breakout_down_weak
2026-03-20 14:59:59.999,2026-03-20 14:59:59.999,15m,SHORT,69970.8,69541.5,69059.59,70252.01,308.92,down,bearish,trend_continuation_up
2026-03-20 15:44:59.999,2026-03-20 15:44:59.999,15m,SHORT,69659.9,69637.3,69139.56,70371.14,319.06,down,bearish,exhaustion_down
2026-03-20 16:14:59.999,2026-03-20 16:14:59.999,15m,SHORT,69845.5,69733.6,69250.66,70445.63,309.58,down,bearish,breakout_up_strong
2026-03-20 16:29:59.999,2026-03-20 16:29:59.999,15m,SHORT,69842.9,69845.5,69371.97,70543.65,303.54,down,bearish,breakout_up_weak
2026-03-20 17:14:59.999,2026-03-20 17:14:59.999,15m,SHORT,70165.9,70141.9,69674.28,70831.34,299.76,down,bearish,inside_bearish_weak
2026-03-20 17:44:59.999,2026-03-20 17:44:59.999,15m,SHORT,69887.7,69939.4,69488.52,70604.16,289.03,down,bearish,breakout_down_strong
2026-03-20 17:59:59.999,2026-03-20 17:59:59.999,15m,SHORT,70019.7,69887.7,69440.96,70546.36,286.37,down,bearish,breakout_up_strong
2026-03-20 18:29:59.999,2026-03-20 18:29:59.999,15m,SHORT,70470.6,70097.9,69666.38,70734.12,276.62,down,bearish,breakout_up_strong
2026-03-20 18:44:59.999,2026-03-20 18:44:59.999,15m,SHORT,70376.3,70470.6,70017.65,71138.41,290.35,down,bearish,inside_bullish_weak
2026-03-20 18:59:59.999,2026-03-20 18:59:59.999,15m,SHORT,70498.3,70376.3,69913.13,71059.18,296.91,down,bearish,breakout_up_strong
2026-03-20 19:14:59.999,2026-03-20 19:14:59.999,15m,SHORT,70774.5,70498.3,70045.51,71165.87,290.25,up,bearish,breakout_up_strong
2026-03-20 19:44:59.999,2026-03-20 19:44:59.999,15m,SHORT,70662.9,70652.4,70199.71,71319.83,290.18,up,bearish,breakout_down_weak
2026-03-20 20:14:59.999,2026-03-20 20:14:59.999,15m,SHORT,70490.4,70739.2,70311.89,71369.2,273.91,up,bearish,breakout_down_strong
2026-03-20 20:29:59.999,2026-03-20 20:29:59.999,15m,SHORT,70447.9,70490.3,70063.15,71120.07,273.81,up,bearish,exhaustion_down
2026-03-20 20:44:59.999,2026-03-20 20:44:59.999,15m,SHORT,70503.5,70447.9,70035.89,71055.36,264.11,up,bearish,breakout_down_weak
2026-03-20 20:59:59.999,2026-03-20 20:59:59.999,15m,SHORT,70472.7,70503.5,70111.27,71081.8,251.43,up,bearish,breakout_up_weak
2026-03-20 21:14:59.999,2026-03-20 21:14:59.999,15m,SHORT,70553.8,70472.6,70093.21,71031.96,243.2,up,bearish,breakout_up_strong
2026-03-20 21:29:59.999,2026-03-20 21:29:59.999,15m,SHORT,70615.3,70553.9,70187.22,71094.52,235.05,up,bearish,breakout_up_strong
2026-03-20 21:44:59.999,2026-03-20 21:44:59.999,15m,SHORT,70560.1,70615.3,70245.27,71160.86,237.2,up,bearish,exhaustion_down
2026-03-20 21:59:59.999,2026-03-20 21:59:59.999,15m,SHORT,70643.9,70560.2,70204.65,71084.41,227.92,up,bearish,exhaustion_down
2026-03-20 22:14:59.999,2026-03-20 22:14:59.999,15m,SHORT,70636.2,70643.9,70294.69,71158.76,223.85,up,bearish,breakout_down_weak
2026-03-20 22:44:59.999,2026-03-20 22:44:59.999,15m,SHORT,70482.7,70569.1,70244.46,71047.74,208.11,up,bearish,exhaustion_down
2026-03-20 22:59:59.999,2026-03-20 22:59:59.999,15m,SHORT,70430.3,70482.8,70164.31,70952.37,204.16,up,bearish,exhaustion_up
2026-03-21 21:29:59.999,2026-03-21 21:29:59.999,15m,SHORT,68860.3,68652.2,68262.77,69226.36,249.64,down,bearish,bullish_pressure
2026-03-21 21:44:59.999,2026-03-21 21:44:59.999,15m,SHORT,69027.2,68860.3,68452.47,69461.58,261.43,down,bearish,breakout_up_strong
2026-03-21 22:14:59.999,2026-03-21 22:14:59.999,15m,SHORT,68933.3,68904.5,68484.36,69523.93,269.32,down,bearish,breakout_up_weak
2026-03-21 22:44:59.999,2026-03-21 22:44:59.999,15m,SHORT,68800.8,68989.4,68578.16,69595.72,263.62,down,bearish,inside_bearish_weak
2026-03-21 22:59:59.999,2026-03-21 22:59:59.999,15m,SHORT,68926.1,68800.7,68382.52,69417.25,268.07,down,bearish,breakout_up_strong
2026-03-21 23:14:59.999,2026-03-21 23:14:59.999,15m,SHORT,69007.8,68926.0,68521.05,69523.04,259.58,down,bearish,breakout_up_weak
2026-03-21 23:59:59.999,2026-03-21 23:59:59.999,15m,SHORT,69237.6,69194.8,68791.59,69789.28,258.47,down,bearish,breakout_up_weak
2026-03-22 00:14:59.999,2026-03-22 00:14:59.999,15m,SHORT,69269.1,69237.5,68844.03,69817.61,252.22,down,bearish,breakout_down_strong
2026-03-22 00:59:59.999,2026-03-22 00:59:59.999,15m,SHORT,69307.0,69324.0,68922.11,69916.54,257.62,down,bearish,bearish_pressure
2026-03-22 01:29:59.999,2026-03-22 01:29:59.999,15m,SHORT,69229.8,69411.0,69033.63,69967.38,241.91,down,bearish,exhaustion_up
2026-03-22 01:44:59.999,2026-03-22 01:44:59.999,15m,SHORT,69315.3,69229.7,68844.75,69797.26,246.76,down,bearish,breakout_up_weak
2026-03-22 02:14:59.999,2026-03-22 02:14:59.999,15m,SHORT,69200.1,69313.3,68951.57,69846.61,231.88,down,bearish,breakout_down_weak
2026-03-22 02:29:59.999,2026-03-22 02:29:59.999,15m,SHORT,69138.1,69200.1,68848.88,69717.93,225.14,down,bearish,exhaustion_down
2026-03-22 02:44:59.999,2026-03-22 02:44:59.999,15m,SHORT,69165.0,69138.2,68799.21,69638.0,217.3,down,bearish,exhaustion_up
2026-03-22 03:14:59.999,2026-03-22 03:14:59.999,15m,SHORT,69096.3,69116.3,68802.45,69579.03,201.19,down,bearish,exhaustion_down
2026-03-22 05:59:59.999,2026-03-22 05:59:59.999,15m,SHORT,68756.7,68699.2,68381.39,69167.76,203.72,down,bearish,inside_bullish_weak
2026-03-22 06:44:59.999,2026-03-22 06:44:59.999,15m,SHORT,68737.7,68608.1,68290.16,69076.86,203.81,down,bearish,trend_continuation_up
2026-03-22 09:14:59.999,2026-03-22 09:14:59.999,15m,SHORT,68271.9,68177.0,67863.32,68639.47,201.07,down,bearish,exhaustion_up
2026-03-22 09:59:59.999,2026-03-22 09:59:59.999,15m,SHORT,68614.5,68567.6,68244.14,69044.5,207.35,down,bearish,breakout_down_weak
2026-03-22 10:14:59.999,2026-03-22 10:14:59.999,15m,SHORT,68770.2,68614.4,68298.3,69080.44,202.63,down,bearish,breakout_up_weak
2026-03-22 10:29:59.999,2026-03-22 10:29:59.999,15m,SHORT,68764.2,68770.1,68441.1,69255.16,210.9,down,bearish,inside_bearish_weak
2026-03-22 10:59:59.999,2026-03-22 10:59:59.999,15m,SHORT,68660.3,68593.0,68262.31,69080.55,211.98,down,bearish,inside_bullish_weak
2026-03-22 11:14:59.999,2026-03-22 11:14:59.999,15m,SHORT,68744.1,68660.4,68334.2,69141.34,209.1,down,bearish,breakout_down_weak
2026-03-22 11:44:59.999,2026-03-22 11:44:59.999,15m,SHORT,68800.7,68805.5,68472.4,69296.61,213.53,down,bearish,bearish_pressure
2026-03-22 12:14:59.999,2026-03-22 12:14:59.999,15m,SHORT,68863.5,68675.5,68350.4,69154.81,208.39,down,bearish,breakout_up_strong
2026-03-22 12:29:59.999,2026-03-22 12:29:59.999,15m,SHORT,68861.0,68863.6,68535.82,69346.87,210.12,down,bearish,exhaustion_up
2026-03-22 12:59:59.999,2026-03-22 12:59:59.999,15m,SHORT,68814.9,68771.1,68441.62,69256.88,211.21,down,bearish,exhaustion_down
2026-03-22 18:29:59.999,2026-03-22 18:29:59.999,15m,SHORT,67761.6,67751.5,67388.54,68286.63,232.66,down,bearish,breakout_down_strong
2026-03-22 18:59:59.999,2026-03-22 18:59:59.999,15m,SHORT,67864.4,67839.2,67436.15,68433.44,258.36,down,bearish,exhaustion_down
2026-03-22 19:29:59.999,2026-03-22 19:29:59.999,15m,SHORT,68218.0,67870.1,67442.85,68500.01,273.88,down,bearish,inside_bullish_weak
2026-03-22 19:59:59.999,2026-03-22 19:59:59.999,15m,SHORT,68301.5,68096.7,67648.69,68757.22,287.18,down,bearish,breakout_up_strong
2026-03-22 20:14:59.999,2026-03-22 20:14:59.999,15m,SHORT,68293.5,68301.5,67854.27,68960.88,286.69,down,bearish,breakout_up_weak
2026-03-22 20:44:59.999,2026-03-22 20:44:59.999,15m,SHORT,68093.2,68071.2,67629.53,68722.37,283.12,down,bearish,breakout_down_weak
2026-03-22 21:14:59.999,2026-03-22 21:14:59.999,15m,SHORT,67924.3,67830.7,67395.91,68471.73,278.71,down,bearish,breakout_up_weak
2026-03-22 21:29:59.999,2026-03-22 21:29:59.999,15m,SHORT,67965.5,67924.4,67480.79,68578.44,284.37,down,bearish,breakout_down_weak
2026-03-22 21:59:59.999,2026-03-22 21:59:59.999,15m,SHORT,67642.5,67651.0,67166.86,68364.8,310.35,down,bearish,breakout_up_strong
2026-03-22 22:29:59.999,2026-03-22 22:29:59.999,15m,SHORT,68054.5,67813.6,67321.33,68539.38,315.56,down,bearish,breakout_up_strong
2026-03-22 22:44:59.999,2026-03-22 22:44:59.999,15m,SHORT,68015.6,68054.4,67566.05,68774.41,313.05,down,bearish,breakout_down_weak
2026-03-22 23:14:59.999,2026-03-22 23:14:59.999,15m,SHORT,67818.7,67875.6,67409.64,68562.59,298.69,down,bearish,exhaustion_up
2026-03-22 23:29:59.999,2026-03-22 23:29:59.999,15m,SHORT,68235.9,67818.7,67358.75,68496.83,294.84,down,bearish,trend_continuation_up
2026-03-22 23:59:59.999,2026-03-22 23:59:59.999,15m,SHORT,68282.4,68202.7,67727.31,68903.59,304.73,down,bearish,exhaustion_up
2026-03-23 00:14:59.999,2026-03-23 00:14:59.999,15m,SHORT,68200.0,68282.3,67821.93,68961.05,295.11,down,bearish,breakout_up_strong
2026-03-23 00:29:59.999,2026-03-23 00:29:59.999,15m,SHORT,68170.0,68200.1,67732.24,68889.89,299.91,down,bearish,breakout_down_weak
2026-03-23 00:44:59.999,2026-03-23 00:44:59.999,15m,SHORT,68173.4,68170.1,67722.47,68830.07,286.94,down,bearish,exhaustion_down
2026-03-23 01:14:59.999,2026-03-23 01:14:59.999,15m,SHORT,68140.2,68045.2,67625.51,68663.97,269.03,down,bearish,breakout_up_weak
2026-03-23 01:44:59.999,2026-03-23 01:44:59.999,15m,SHORT,68226.2,68199.8,67807.07,68778.82,251.75,down,bearish,breakout_up_strong
2026-03-23 02:14:59.999,2026-03-23 02:14:59.999,15m,SHORT,68731.2,68504.4,68116.7,69076.01,248.53,down,bearish,breakout_up_weak
2026-03-23 02:29:59.999,2026-03-23 02:29:59.999,15m,SHORT,68659.9,68731.1,68340.72,69306.66,250.24,down,bearish,breakout_up_weak
2026-03-23 02:44:59.999,2026-03-23 02:44:59.999,15m,SHORT,68581.1,68659.9,68273.84,69229.1,247.48,down,bearish,exhaustion_down
2026-03-23 02:59:59.999,2026-03-23 02:59:59.999,15m,SHORT,68864.2,68581.1,68194.05,69151.75,248.11,up,bearish,exhaustion_up
2026-03-23 03:14:59.999,2026-03-23 03:14:59.999,15m,SHORT,68572.7,68864.1,68467.66,69448.6,254.13,up,bearish,breakout_down_strong
2026-03-23 03:44:59.999,2026-03-23 03:44:59.999,15m,SHORT,67786.9,68537.2,68139.9,69122.97,254.68,up,bearish,breakout_down_strong
2026-03-23 04:14:59.999,2026-03-23 04:14:59.999,15m,SHORT,67905.6,67845.2,67382.23,68527.79,296.78,down,bearish,breakout_down_strong
2026-03-23 04:44:59.999,2026-03-23 04:44:59.999,15m,SHORT,68290.9,67769.7,67278.55,68493.84,314.84,down,bearish,breakout_up_strong
2026-03-23 04:59:59.999,2026-03-23 04:59:59.999,15m,SHORT,68306.0,68290.9,67771.49,69056.69,332.95,down,bearish,breakout_up_weak
2026-03-23 05:29:59.999,2026-03-23 05:29:59.999,15m,SHORT,68434.5,68622.5,68118.14,69366.1,323.31,down,bearish,trend_continuation_down
2026-03-23 05:44:59.999,2026-03-23 05:44:59.999,15m,SHORT,68510.2,68434.4,67937.54,69166.95,318.5,up,bearish,breakout_up_strong
2026-03-23 05:59:59.999,2026-03-23 05:59:59.999,15m,SHORT,68400.1,68510.3,68021.05,69231.63,313.62,up,bearish,breakout_down_strong
2026-03-23 06:14:59.999,2026-03-23 06:14:59.999,15m,SHORT,68254.1,68400.2,67917.77,69111.47,309.25,up,bearish,breakout_down_strong
2026-03-23 06:29:59.999,2026-03-23 06:29:59.999,15m,SHORT,68217.5,68254.1,67776.35,68958.48,306.25,up,bearish,exhaustion_up
2026-03-23 06:59:59.999,2026-03-23 06:59:59.999,15m,SHORT,68305.0,68109.9,67636.39,68808.02,303.53,down,bearish,bullish_pressure
2026-03-23 07:14:59.999,2026-03-23 07:14:59.999,15m,SHORT,68567.9,68304.9,67842.78,68986.23,296.23,up,bearish,breakout_up_strong
2026-03-23 07:29:59.999,2026-03-23 07:29:59.999,15m,SHORT,68429.6,68567.9,68091.91,69269.68,305.12,up,bearish,breakout_down_strong
2026-03-23 07:44:59.999,2026-03-23 07:44:59.999,15m,SHORT,68382.7,68429.6,67963.45,69116.87,298.81,up,bearish,trend_continuation_down
2026-03-23 07:59:59.999,2026-03-23 07:59:59.999,15m,SHORT,68512.2,68382.7,67928.12,69052.91,291.4,up,bearish,inside_bearish_weak
2026-03-23 08:14:59.999,2026-03-23 08:14:59.999,15m,SHORT,70931.8,68512.2,68066.11,69169.89,285.95,up,bearish,exhaustion_up
2026-03-23 11:44:59.999,2026-03-23 11:44:59.999,15m,LONG,71344.0,71312.4,71914.61,70240.66,510.35,up,bullish,breakout_down_weak
2026-03-23 12:44:59.999,2026-03-23 12:44:59.999,15m,LONG,70636.6,70864.1,71431.09,69855.05,480.5,up,bullish,breakout_down_weak
2026-03-23 12:59:59.999,2026-03-23 12:59:59.999,15m,LONG,70112.2,70636.6,71194.66,69643.43,472.94,up,bullish,bullish_pressure
2026-03-23 13:14:59.999,2026-03-23 13:14:59.999,15m,LONG,70495.7,70112.2,70694.05,69076.71,493.09,up,bullish,trend_continuation_up
2026-03-23 13:44:59.999,2026-03-23 13:44:59.999,15m,LONG,70440.0,70187.9,70751.95,69184.08,478.01,up,bullish,breakout_up_strong
2026-03-23 14:14:59.999,2026-03-23 14:14:59.999,15m,LONG,70600.0,70539.6,71084.54,69569.78,461.82,up,bullish,inside_bullish_weak
2026-03-23 15:14:59.999,2026-03-23 15:14:59.999,15m,LONG,70939.1,71052.6,71564.6,70141.41,433.9,up,bullish,breakout_up_strong
2026-03-23 15:44:59.999,2026-03-23 15:44:59.999,15m,LONG,71018.5,70855.1,71332.93,70004.73,404.94,up,bullish,breakout_up_strong
2026-03-23 16:29:59.999,2026-03-23 16:29:59.999,15m,LONG,71003.2,70903.2,71358.16,70093.53,385.56,up,bullish,exhaustion_down
2026-03-23 16:44:59.999,2026-03-23 16:44:59.999,15m,LONG,70875.2,71003.2,71448.56,70210.61,377.43,up,bullish,breakout_down_weak
2026-03-23 16:59:59.999,2026-03-23 16:59:59.999,15m,LONG,70647.1,70875.3,71306.79,70107.39,365.67,up,bullish,breakout_down_weak
2026-03-23 17:14:59.999,2026-03-23 17:14:59.999,15m,LONG,70769.1,70647.1,71077.5,69881.13,364.75,up,bullish,breakout_down_weak
2026-03-23 17:29:59.999,2026-03-23 17:29:59.999,15m,LONG,70768.9,70769.1,71190.87,70018.48,357.44,up,bullish,trend_continuation_down
2026-03-23 17:59:59.999,2026-03-23 17:59:59.999,15m,LONG,70876.6,70904.4,71291.62,70215.29,328.15,up,bullish,trend_continuation_down
2026-03-23 18:29:59.999,2026-03-23 18:29:59.999,15m,LONG,70858.1,70790.9,71146.56,70157.95,301.4,up,bullish,bullish_pressure
2026-03-23 18:44:59.999,2026-03-23 18:44:59.999,15m,LONG,70905.4,70858.0,71196.65,70255.31,287.0,up,bullish,breakout_up_strong
2026-03-23 18:59:59.999,2026-03-23 18:59:59.999,15m,LONG,70813.7,70905.3,71231.4,70324.96,276.35,up,bullish,breakout_down_weak
2026-03-23 19:29:59.999,2026-03-23 19:29:59.999,15m,LONG,70600.0,70685.3,71006.9,70112.97,272.54,up,bullish,exhaustion_down
2026-03-23 19:44:59.999,2026-03-23 19:44:59.999,15m,LONG,70689.3,70600.0,70909.36,70049.44,262.17,up,bullish,breakout_down_weak
2026-03-23 19:59:59.999,2026-03-23 19:59:59.999,15m,LONG,70745.1,70689.3,70994.46,70146.22,258.61,up,bullish,exhaustion_up
2026-03-23 20:59:59.999,2026-03-23 20:59:59.999,15m,LONG,70865.9,70732.1,71027.68,70206.07,250.49,up,bullish,inside_bullish_weak
2026-03-23 21:14:59.999,2026-03-23 21:14:59.999,15m,LONG,70747.1,70866.0,71164.55,70334.68,253.01,up,bullish,exhaustion_up
2026-03-23 21:29:59.999,2026-03-23 21:29:59.999,15m,LONG,70689.9,70747.0,71052.55,70203.23,258.94,up,bullish,exhaustion_down
2026-03-23 21:44:59.999,2026-03-23 21:44:59.999,15m,LONG,70559.2,70690.0,70988.67,70158.46,253.11,up,bullish,breakout_down_weak
2026-03-23 21:59:59.999,2026-03-23 21:59:59.999,15m,LONG,70650.0,70559.1,70863.95,70016.57,258.35,up,bullish,trend_continuation_up
2026-03-23 22:59:59.999,2026-03-23 22:59:59.999,15m,LONG,70479.9,70358.3,70696.5,69756.42,286.61,up,bullish,bullish_pressure
2026-03-23 23:29:59.999,2026-03-23 23:29:59.999,15m,LONG,70530.5,70425.2,70754.41,69839.32,278.99,up,bullish,inside_bullish_weak
2026-03-24 00:59:59.999,2026-03-24 00:59:59.999,15m,LONG,70512.1,70459.7,70743.1,69955.35,240.17,up,bullish,inside_bullish_weak
2026-03-24 01:44:59.999,2026-03-24 01:44:59.999,15m,LONG,70304.8,70494.6,70760.56,70021.28,225.39,up,bullish,breakout_down_weak
2026-03-24 01:59:59.999,2026-03-24 01:59:59.999,15m,LONG,70339.9,70304.8,70571.72,69829.77,226.21,up,bullish,bearish_pressure
2026-03-24 02:29:59.999,2026-03-24 02:29:59.999,15m,LONG,70149.1,70138.0,70402.53,69667.23,224.18,down,bullish,exhaustion_up
2026-03-24 02:59:59.999,2026-03-24 02:59:59.999,15m,LONG,70249.6,70291.9,70559.3,69816.02,226.61,down,bullish,exhaustion_up
2026-03-24 03:14:59.999,2026-03-24 03:14:59.999,15m,LONG,70327.6,70249.6,70508.97,69788.01,219.81,down,bullish,breakout_up_strong
2026-03-24 03:29:59.999,2026-03-24 03:29:59.999,15m,LONG,70348.6,70327.6,70581.94,69874.96,215.54,down,bullish,exhaustion_up
2026-03-24 03:59:59.999,2026-03-24 03:59:59.999,15m,LONG,70507.8,70436.1,70677.15,70007.12,204.28,down,bullish,inside_bullish_weak
2026-03-24 04:29:59.999,2026-03-24 04:29:59.999,15m,LONG,70889.8,70794.8,71051.51,70337.94,217.55,up,bullish,bullish_pressure
2026-03-24 04:44:59.999,2026-03-24 04:44:59.999,15m,LONG,70875.8,70889.8,71149.67,70427.32,220.23,up,bullish,exhaustion_down
2026-03-24 06:14:59.999,2026-03-24 06:14:59.999,15m,LONG,70840.7,70933.8,71218.33,70427.43,241.13,up,bullish,breakout_up_strong
2026-03-24 06:29:59.999,2026-03-24 06:29:59.999,15m,LONG,70980.1,70840.6,71119.07,70345.02,235.99,up,bullish,breakout_up_strong
2026-03-24 06:44:59.999,2026-03-24 06:44:59.999,15m,LONG,71211.7,70980.0,71255.56,70489.59,233.53,up,bullish,exhaustion_up
2026-03-24 07:14:59.999,2026-03-24 07:14:59.999,15m,LONG,71227.2,71288.5,71565.95,70794.73,235.13,up,bullish,breakout_down_weak
2026-03-24 07:29:59.999,2026-03-24 07:29:59.999,15m,LONG,71077.9,71227.2,71494.53,70751.44,226.55,up,bullish,breakout_down_weak
2026-03-24 07:44:59.999,2026-03-24 07:44:59.999,15m,LONG,71213.5,71078.0,71339.91,70611.89,221.96,up,bullish,exhaustion_up
2026-03-24 08:44:59.999,2026-03-24 08:44:59.999,15m,LONG,71205.5,71035.3,71292.4,70577.75,217.88,up,bullish,breakout_up_strong
2026-03-24 09:59:59.999,2026-03-24 09:59:59.999,15m,LONG,70924.4,70862.0,71121.87,70399.52,220.23,up,bullish,breakout_down_weak
2026-03-24 10:14:59.999,2026-03-24 10:14:59.999,15m,LONG,70790.3,70924.4,71179.46,70470.47,216.16,up,bullish,exhaustion_up
2026-03-24 11:14:59.999,2026-03-24 11:14:59.999,15m,LONG,69829.8,70067.0,70394.34,69484.45,277.41,down,bullish,breakout_up_strong
2026-03-24 11:44:59.999,2026-03-24 11:44:59.999,15m,LONG,69818.9,69970.1,70335.6,69319.64,309.74,down,bullish,breakout_up_strong
2026-03-24 11:59:59.999,2026-03-24 11:59:59.999,15m,LONG,69847.6,69818.8,70189.04,69159.9,313.76,down,bullish,breakout_down_strong
2026-03-24 19:29:59.999,2026-03-24 19:29:59.999,15m,LONG,70204.4,70497.7,70863.31,69847.04,309.84,down,bullish,breakout_down_strong
2026-03-24 19:59:59.999,2026-03-24 19:59:59.999,15m,LONG,70277.9,70250.0,70610.39,69608.63,305.41,down,bullish,breakout_up_weak
2026-03-24 20:44:59.999,2026-03-24 20:44:59.999,15m,LONG,70625.5,70712.1,71060.7,70091.72,295.42,up,bullish,exhaustion_up
2026-03-24 20:59:59.999,2026-03-24 20:59:59.999,15m,LONG,70523.9,70625.5,70963.96,70023.15,286.83,up,bullish,breakout_down_weak
2026-03-24 21:14:59.999,2026-03-24 21:14:59.999,15m,LONG,70690.0,70524.0,70851.51,69941.14,277.55,up,bullish,breakout_up_strong
2026-03-24 21:59:59.999,2026-03-24 21:59:59.999,15m,LONG,70804.3,70893.7,71236.44,70283.73,290.46,up,bullish,breakout_down_weak
2026-03-24 22:14:59.999,2026-03-24 22:14:59.999,15m,LONG,70770.0,70804.3,71140.41,70206.13,284.84,up,bullish,breakout_down_weak
2026-03-24 23:14:59.999,2026-03-24 23:14:59.999,15m,LONG,70573.7,70643.1,70951.42,70094.4,261.29,up,bullish,breakout_down_weak
2026-03-24 23:29:59.999,2026-03-24 23:29:59.999,15m,LONG,70564.4,70573.9,70874.99,70038.06,255.16,up,bullish,exhaustion_down
2026-03-24 23:59:59.999,2026-03-24 23:59:59.999,15m,LONG,70500.0,70660.1,70953.28,70138.34,248.46,up,bullish,breakout_down_weak
2026-03-25 00:29:59.999,2026-03-25 00:29:59.999,15m,LONG,70500.1,70471.9,70758.41,69962.0,242.81,up,bullish,exhaustion_down
2026-03-25 00:59:59.999,2026-03-25 00:59:59.999,15m,LONG,70689.3,70715.5,70997.44,70213.74,238.93,up,bullish,exhaustion_up
2026-03-25 01:29:59.999,2026-03-25 01:29:59.999,15m,LONG,70833.1,70817.4,71086.64,70338.24,228.17,up,bullish,exhaustion_down
2026-03-25 01:59:59.999,2026-03-25 01:59:59.999,15m,LONG,70938.1,70739.5,70998.04,70279.38,219.11,up,bullish,breakout_down_weak
2026-03-25 02:44:59.999,2026-03-25 02:44:59.999,15m,LONG,71183.8,71160.8,71433.47,70675.55,231.07,up,bullish,bearish_pressure
2026-03-25 03:14:59.999,2026-03-25 03:14:59.999,15m,LONG,71042.9,71080.1,71340.88,70616.0,221.0,up,bullish,breakout_down_weak
2026-03-25 03:44:59.999,2026-03-25 03:44:59.999,15m,LONG,71153.6,71195.8,71450.51,70742.51,215.85,up,bullish,exhaustion_down
2026-03-25 04:14:59.999,2026-03-25 04:14:59.999,15m,LONG,71105.3,70962.8,71212.81,70517.86,211.88,up,bullish,inside_bullish_weak
2026-03-25 04:44:59.999,2026-03-25 04:44:59.999,15m,LONG,71023.0,71028.9,71269.55,70600.62,203.94,up,bullish,breakout_up_strong
2026-03-25 05:14:59.999,2026-03-25 05:14:59.999,15m,LONG,70774.6,70899.9,71142.81,70467.6,205.86,up,bullish,breakout_up_strong
2026-03-25 05:29:59.999,2026-03-25 05:29:59.999,15m,LONG,71155.6,70774.6,71019.33,70339.06,207.4,up,bullish,breakout_up_strong
2026-03-25 05:44:59.999,2026-03-25 05:44:59.999,15m,LONG,71438.2,71155.7,71421.0,70683.56,224.83,up,bullish,breakout_up_strong
2026-03-25 06:29:59.999,2026-03-25 06:29:59.999,15m,LONG,71226.7,71290.0,71561.24,70807.29,229.86,up,bullish,exhaustion_up
2026-03-25 06:44:59.999,2026-03-25 06:44:59.999,15m,LONG,71226.3,71226.6,71499.8,70740.39,231.53,up,bullish,exhaustion_up
2026-03-25 07:14:59.999,2026-03-25 07:14:59.999,15m,LONG,71386.9,71301.4,71571.67,70820.42,229.04,up,bullish,exhaustion_up
2026-03-25 07:44:59.999,2026-03-25 07:44:59.999,15m,LONG,71397.9,71369.7,71625.86,70913.83,217.08,up,bullish,breakout_down_weak
2026-03-25 08:14:59.999,2026-03-25 08:14:59.999,15m,LONG,71559.2,71462.7,71710.06,71022.48,209.63,up,bullish,exhaustion_down
2026-03-25 08:29:59.999,2026-03-25 08:29:59.999,15m,LONG,71832.8,71559.1,71800.84,71128.88,204.87,up,bullish,breakout_up_strong
2026-03-25 08:44:59.999,2026-03-25 08:44:59.999,15m,LONG,71782.2,71832.9,72089.14,71376.89,217.15,up,bullish,inside_bullish_weak
2026-03-25 09:14:59.999,2026-03-25 09:14:59.999,15m,LONG,71716.9,71650.3,71917.19,71175.33,226.17,up,bullish,breakout_up_strong
2026-03-25 09:59:59.999,2026-03-25 09:59:59.999,15m,LONG,71685.4,71327.2,71628.07,70791.75,254.98,up,bullish,breakout_down_weak
2026-03-25 10:29:59.999,2026-03-25 10:29:59.999,15m,LONG,71594.2,71675.3,72007.91,71083.36,281.88,up,bullish,breakout_down_weak
2026-03-25 11:14:59.999,2026-03-25 11:14:59.999,15m,LONG,71364.9,71546.6,71876.59,70959.32,279.66,up,bullish,breakout_down_weak
2026-03-25 11:29:59.999,2026-03-25 11:29:59.999,15m,LONG,71341.2,71365.0,71707.92,70754.72,290.61,up,bullish,exhaustion_up
2026-03-25 12:14:59.999,2026-03-25 12:14:59.999,15m,LONG,70788.1,71203.6,71537.79,70608.86,283.21,up,bullish,inside_bullish_weak
2026-03-25 12:29:59.999,2026-03-25 12:29:59.999,15m,LONG,70986.7,70788.2,71147.21,70149.29,304.25,up,bullish,breakout_down_weak
2026-03-25 12:59:59.999,2026-03-25 12:59:59.999,15m,LONG,70792.4,70855.2,71226.36,70194.66,314.54,up,bullish,exhaustion_down
2026-03-25 14:44:59.999,2026-03-25 14:44:59.999,15m,LONG,70883.4,71043.7,71430.76,70354.86,328.02,up,bullish,breakout_down_weak
2026-03-25 15:14:59.999,2026-03-25 15:14:59.999,15m,LONG,70893.3,70752.6,71127.8,70084.87,317.97,down,bullish,breakout_up_weak
2026-03-25 15:29:59.999,2026-03-25 15:29:59.999,15m,LONG,70935.3,70893.2,71258.33,70243.39,309.43,down,bullish,breakout_up_weak
2026-03-25 15:59:59.999,2026-03-25 15:59:59.999,15m,LONG,70786.8,70815.7,71166.68,70191.07,297.44,down,bullish,breakout_up_strong
2026-03-25 16:44:59.999,2026-03-25 16:44:59.999,15m,LONG,70912.0,70928.0,71265.73,70326.95,286.21,down,bullish,exhaustion_down
2026-03-25 17:14:59.999,2026-03-25 17:14:59.999,15m,LONG,70715.0,70853.3,71182.93,70266.66,279.35,down,bullish,breakout_down_strong
2026-03-26 06:29:59.999,2026-03-26 06:29:59.999,15m,SHORT,69986.9,69996.9,69674.76,70471.86,206.5,down,bearish,breakout_down_weak
2026-03-26 06:59:59.999,2026-03-26 06:59:59.999,15m,SHORT,69537.6,69470.1,69109.12,70002.32,231.4,down,bearish,breakout_down_strong
2026-03-26 07:14:59.999,2026-03-26 07:14:59.999,15m,SHORT,69542.5,69537.6,69178.61,70066.88,230.12,down,bearish,breakout_down_weak
2026-03-26 07:44:59.999,2026-03-26 07:44:59.999,15m,SHORT,69506.1,69619.8,69278.66,70122.76,218.68,down,bearish,breakout_down_weak
2026-03-26 08:14:59.999,2026-03-26 08:14:59.999,15m,SHORT,69527.5,69480.0,69155.69,69958.15,207.89,down,bearish,breakout_up_strong
2026-03-26 08:44:59.999,2026-03-26 08:44:59.999,15m,SHORT,69353.5,69282.0,68931.41,69798.89,224.73,down,bearish,inside_bullish_weak
2026-03-26 08:59:59.999,2026-03-26 08:59:59.999,15m,SHORT,69239.3,69353.5,69011.36,69857.93,219.32,down,bearish,breakout_down_weak
2026-03-26 09:14:59.999,2026-03-26 09:14:59.999,15m,SHORT,69340.1,69239.3,68902.97,69735.17,215.6,down,bearish,bullish_pressure
2026-03-26 09:44:59.999,2026-03-26 09:44:59.999,15m,SHORT,69330.0,69387.1,69066.12,69860.34,205.75,down,bearish,breakout_down_strong
2026-03-26 09:59:59.999,2026-03-26 09:59:59.999,15m,SHORT,69395.1,69330.0,69007.48,69805.51,206.74,down,bearish,breakout_up_weak
2026-03-26 10:59:59.999,2026-03-26 10:59:59.999,15m,SHORT,69617.4,69519.0,69201.99,69986.39,203.21,down,bearish,breakout_up_weak
2026-03-26 11:29:59.999,2026-03-26 11:29:59.999,15m,SHORT,69580.0,69573.3,69221.78,70091.56,225.33,down,bearish,breakout_down_weak
2026-03-26 11:59:59.999,2026-03-26 11:59:59.999,15m,SHORT,69450.1,69481.3,69112.99,70024.32,236.09,down,bearish,breakout_down_weak
2026-03-26 12:29:59.999,2026-03-26 12:29:59.999,15m,SHORT,68998.8,68922.1,68496.74,69549.23,272.66,down,bearish,exhaustion_down
2026-03-26 12:44:59.999,2026-03-26 12:44:59.999,15m,SHORT,68964.9,68998.9,68547.89,69663.85,289.11,down,bearish,breakout_down_weak
2026-03-26 13:14:59.999,2026-03-26 13:14:59.999,15m,SHORT,68999.2,69054.9,68620.76,69694.97,278.29,down,bearish,breakout_down_weak
2026-03-26 13:29:59.999,2026-03-26 13:29:59.999,15m,SHORT,68858.2,68999.2,68581.15,69615.55,267.98,down,bearish,breakout_up_weak
2026-03-26 13:44:59.999,2026-03-26 13:44:59.999,15m,SHORT,68892.4,68858.1,68446.06,69465.6,264.13,down,bearish,trend_continuation_up
2026-03-26 14:14:59.999,2026-03-26 14:14:59.999,15m,SHORT,68889.2,68904.8,68514.66,69480.0,250.09,down,bearish,breakout_up_weak
2026-03-26 14:44:59.999,2026-03-26 14:44:59.999,15m,SHORT,68925.9,69061.8,68689.59,69610.57,238.59,down,bearish,breakout_up_strong
2026-03-26 14:59:59.999,2026-03-26 14:59:59.999,15m,SHORT,68456.1,68926.0,68553.93,69474.57,238.51,down,bearish,breakout_down_strong
2026-03-26 15:14:59.999,2026-03-26 15:14:59.999,15m,SHORT,68429.4,68456.2,68043.23,69065.06,264.72,down,bearish,inside_bearish_weak
2026-03-26 15:59:59.999,2026-03-26 15:59:59.999,15m,SHORT,68457.0,68296.8,67880.49,68910.59,266.87,down,bearish,breakout_up_strong
2026-03-26 16:14:59.999,2026-03-26 16:14:59.999,15m,SHORT,68415.3,68457.0,68047.01,69061.47,262.81,down,bearish,exhaustion_down
2026-03-26 16:29:59.999,2026-03-26 16:29:59.999,15m,SHORT,68400.4,68415.4,68018.99,68999.85,254.11,down,bearish,breakout_up_strong
2026-03-26 16:59:59.999,2026-03-26 16:59:59.999,15m,SHORT,68502.7,68592.4,68193.23,69180.91,255.88,down,bearish,inside_bullish_weak
2026-03-26 17:14:59.999,2026-03-26 17:14:59.999,15m,SHORT,69169.2,68502.7,68109.6,69082.26,251.98,down,bearish,breakout_down_weak
2026-03-26 17:44:59.999,2026-03-26 17:44:59.999,15m,SHORT,69133.6,69139.3,68655.83,69852.1,309.91,down,bearish,exhaustion_up
2026-03-26 18:14:59.999,2026-03-26 18:14:59.999,15m,SHORT,68882.4,68973.9,68502.03,69669.6,302.48,down,bearish,breakout_down_strong
2026-03-26 19:14:59.999,2026-03-26 19:14:59.999,15m,SHORT,68928.9,68885.8,68455.85,69519.7,275.61,down,bearish,exhaustion_up
2026-03-26 19:44:59.999,2026-03-26 19:44:59.999,15m,SHORT,68768.6,68718.3,68284.3,69358.17,278.21,down,bearish,trend_continuation_up
2026-03-26 19:59:59.999,2026-03-26 19:59:59.999,15m,SHORT,68862.5,68768.6,68351.11,69384.13,267.62,down,bearish,breakout_up_weak
2026-03-26 20:14:59.999,2026-03-26 20:14:59.999,15m,SHORT,68789.8,68862.5,68460.79,69454.76,257.5,down,bearish,breakout_up_weak
2026-03-26 20:44:59.999,2026-03-26 20:44:59.999,15m,SHORT,68726.7,68708.6,68314.5,69289.65,252.63,down,bearish,trend_continuation_down
2026-03-26 21:14:59.999,2026-03-26 21:14:59.999,15m,SHORT,68894.2,68788.1,68421.47,69328.64,235.02,down,bearish,breakout_down_weak
2026-03-26 22:14:59.999,2026-03-26 22:14:59.999,15m,SHORT,68829.9,68746.4,68372.45,69297.74,239.71,down,bearish,exhaustion_up
2026-03-26 22:29:59.999,2026-03-26 22:29:59.999,15m,SHORT,68877.0,68830.0,68461.71,69372.99,236.08,down,bearish,breakout_up_weak
2026-03-26 22:44:59.999,2026-03-26 22:44:59.999,15m,SHORT,68867.6,68877.1,68521.03,69402.07,228.25,down,bearish,breakout_down_weak
2026-03-26 23:14:59.999,2026-03-26 23:14:59.999,15m,SHORT,69017.7,69016.5,68677.78,69515.89,217.13,down,bearish,breakout_up_weak
2026-03-26 23:44:59.999,2026-03-26 23:44:59.999,15m,SHORT,68885.0,68990.3,68673.18,69457.85,203.28,down,bearish,exhaustion_up
2026-03-27 00:29:59.999,2026-03-27 00:29:59.999,15m,SHORT,68793.5,68711.2,68394.42,69178.24,203.06,down,bearish,trend_continuation_up
2026-03-27 01:29:59.999,2026-03-27 01:29:59.999,15m,SHORT,68496.2,68367.9,68041.79,68848.71,209.05,down,bearish,breakout_up_strong
2026-03-27 01:44:59.999,2026-03-27 01:44:59.999,15m,SHORT,68543.9,68496.2,68173.38,68972.15,206.94,down,bearish,breakout_up_weak
2026-03-27 02:44:59.999,2026-03-27 02:44:59.999,15m,SHORT,68564.5,68562.5,68243.17,69033.31,204.7,down,bearish,breakout_down_weak
2026-03-27 05:14:59.999,2026-03-27 05:14:59.999,15m,SHORT,68429.5,68501.8,68185.64,68967.93,202.66,down,bearish,inside_bullish_weak
2026-03-27 05:29:59.999,2026-03-27 05:29:59.999,15m,SHORT,68200.9,68429.4,68112.45,68896.7,203.17,down,bearish,breakout_down_strong
2026-03-27 05:44:59.999,2026-03-27 05:44:59.999,15m,SHORT,67780.5,68201.0,67873.79,68683.42,209.75,down,bearish,exhaustion_up
2026-03-27 05:59:59.999,2026-03-27 05:59:59.999,15m,SHORT,67876.6,67780.4,67397.58,68344.81,245.39,down,bearish,breakout_up_weak
2026-03-27 06:14:59.999,2026-03-27 06:14:59.999,15m,SHORT,67709.9,67876.7,67486.69,68451.72,250.01,down,bearish,breakout_down_weak
2026-03-27 06:29:59.999,2026-03-27 06:29:59.999,15m,SHORT,67901.5,67710.0,67302.56,68310.71,261.18,down,bearish,breakout_up_strong
2026-03-27 06:44:59.999,2026-03-27 06:44:59.999,15m,SHORT,67685.3,67901.6,67499.7,68494.15,257.63,down,bearish,breakout_down_strong
2026-03-27 06:59:59.999,2026-03-27 06:59:59.999,15m,SHORT,67651.9,67685.3,67285.97,68274.05,255.98,down,bearish,breakout_up_strong
2026-03-27 07:29:59.999,2026-03-27 07:29:59.999,15m,SHORT,67725.5,67625.1,67239.23,68194.0,247.35,down,bearish,inside_bullish_weak
2026-03-27 07:44:59.999,2026-03-27 07:44:59.999,15m,SHORT,66846.6,67725.6,67353.69,68273.93,238.4,down,bearish,trend_continuation_down
2026-03-27 07:59:59.999,2026-03-27 07:59:59.999,15m,SHORT,66456.4,66846.7,66388.38,67522.43,293.8,down,bearish,bearish_pressure
2026-03-27 08:14:59.999,2026-03-27 08:14:59.999,15m,SHORT,66574.3,66456.4,65959.25,67189.38,318.69,down,bearish,exhaustion_down
2026-03-27 08:29:59.999,2026-03-27 08:29:59.999,15m,SHORT,66673.8,66574.4,66066.78,67322.81,325.4,down,bearish,breakout_up_weak
2026-03-27 08:59:59.999,2026-03-27 08:59:59.999,15m,SHORT,66663.2,66725.8,66257.28,67416.57,300.33,down,bearish,breakout_up_weak
2026-03-27 09:14:59.999,2026-03-27 09:14:59.999,15m,SHORT,66603.2,66663.3,66207.58,67335.2,292.13,down,bearish,breakout_down_weak
2026-03-27 09:44:59.999,2026-03-27 09:44:59.999,15m,SHORT,66579.1,66500.7,66066.78,67140.45,278.15,down,bearish,breakout_down_weak
2026-03-27 09:59:59.999,2026-03-27 09:59:59.999,15m,SHORT,66579.4,66579.1,66152.0,67208.81,273.78,down,bearish,breakout_down_strong
2026-03-27 10:29:59.999,2026-03-27 10:29:59.999,15m,SHORT,66658.5,66500.1,66085.76,67110.98,265.6,down,bearish,inside_bullish_weak
2026-03-27 10:44:59.999,2026-03-27 10:44:59.999,15m,SHORT,66467.4,66658.6,66247.36,67264.91,263.61,down,bearish,breakout_down_strong
2026-03-27 10:59:59.999,2026-03-27 10:59:59.999,15m,SHORT,66153.9,66467.4,66011.09,67140.16,292.51,down,bearish,breakout_down_weak
2026-03-27 11:14:59.999,2026-03-27 11:14:59.999,15m,SHORT,66321.0,66153.9,65664.66,66875.21,313.61,down,bearish,breakout_up_weak
2026-03-27 11:29:59.999,2026-03-27 11:29:59.999,15m,SHORT,65694.3,66320.9,65830.9,67043.34,314.1,down,bearish,breakout_down_strong
2026-03-27 11:59:59.999,2026-03-27 11:59:59.999,15m,SHORT,66162.7,65862.6,65338.42,66635.44,336.02,down,bearish,breakout_up_weak
2026-03-27 12:14:59.999,2026-03-27 12:14:59.999,15m,SHORT,66209.8,66162.7,65624.24,66956.58,345.16,down,bearish,inside_bullish_weak
2026-03-27 12:44:59.999,2026-03-27 12:44:59.999,15m,SHORT,66372.5,66307.0,65764.35,67107.05,347.85,down,bearish,breakout_up_strong
2026-03-27 13:14:59.999,2026-03-27 13:14:59.999,15m,SHORT,65943.3,66091.9,65543.88,66899.88,351.3,down,bearish,breakout_down_strong
2026-03-27 13:29:59.999,2026-03-27 13:29:59.999,15m,SHORT,65926.5,65943.2,65394.19,66752.64,351.93,down,bearish,exhaustion_down
2026-03-27 13:59:59.999,2026-03-27 13:59:59.999,15m,SHORT,65945.5,65992.1,65464.36,66770.19,338.3,down,bearish,breakout_up_weak
2026-03-27 14:29:59.999,2026-03-27 14:29:59.999,15m,SHORT,65828.1,66178.4,65647.14,66961.66,340.55,down,bearish,breakout_down_weak
2026-03-27 14:44:59.999,2026-03-27 14:44:59.999,15m,SHORT,65589.9,65828.1,65287.95,66624.48,346.25,down,bearish,exhaustion_down
2026-03-27 15:14:59.999,2026-03-27 15:14:59.999,15m,SHORT,65590.1,65604.0,65084.57,66369.83,332.97,down,bearish,exhaustion_up
2026-03-27 15:44:59.999,2026-03-27 15:44:59.999,15m,SHORT,65771.9,65728.1,65221.14,66475.55,324.98,down,bearish,breakout_up_weak
2026-03-27 15:59:59.999,2026-03-27 15:59:59.999,15m,SHORT,65804.0,65771.9,65283.85,66491.46,312.85,down,bearish,breakout_up_strong
2026-03-27 16:29:59.999,2026-03-27 16:29:59.999,15m,SHORT,65892.5,65750.3,65293.79,66423.36,292.64,down,bearish,breakout_up_strong
2026-03-27 16:44:59.999,2026-03-27 16:44:59.999,15m,SHORT,65895.1,65892.5,65445.7,66551.25,286.41,down,bearish,breakout_up_weak
2026-03-27 17:14:59.999,2026-03-27 17:14:59.999,15m,SHORT,65961.0,66005.5,65570.53,66646.8,278.83,down,bearish,inside_bullish_weak
2026-03-27 17:29:59.999,2026-03-27 17:29:59.999,15m,SHORT,65862.9,65961.1,65538.67,66583.92,270.79,down,bearish,trend_continuation_up
2026-03-27 17:59:59.999,2026-03-27 17:59:59.999,15m,SHORT,65983.0,65855.0,65446.41,66457.4,261.91,down,bearish,breakout_up_strong
2026-03-27 18:14:59.999,2026-03-27 18:14:59.999,15m,SHORT,66110.7,65983.1,65579.66,66577.91,258.61,down,bearish,breakout_up_strong
2026-03-27 18:44:59.999,2026-03-27 18:44:59.999,15m,SHORT,66083.2,66110.7,65737.0,66661.67,239.55,down,bearish,exhaustion_up
2026-03-27 19:44:59.999,2026-03-27 19:44:59.999,15m,SHORT,66002.0,65971.0,65646.41,66449.56,208.07,down,bearish,exhaustion_up
2026-03-29 19:59:59.999,2026-03-29 19:59:59.999,15m,SHORT,65820.3,65645.9,65306.4,66146.44,217.63,down,bearish,breakout_down_strong
2026-03-29 20:14:59.999,2026-03-29 20:14:59.999,15m,SHORT,66061.3,65820.2,65391.5,66452.26,274.81,down,bearish,breakout_up_weak
2026-03-29 20:29:59.999,2026-03-29 20:29:59.999,15m,SHORT,65971.5,66061.3,65604.01,66735.52,293.14,down,bearish,exhaustion_up
2026-03-29 20:44:59.999,2026-03-29 20:44:59.999,15m,SHORT,65995.2,65971.4,65507.99,66654.63,297.06,down,bearish,inside_bearish_weak
2026-03-29 21:29:59.999,2026-03-29 21:29:59.999,15m,SHORT,66537.5,65816.8,65359.58,66490.91,293.09,down,bearish,breakout_up_strong
2026-03-29 21:44:59.999,2026-03-29 21:44:59.999,15m,SHORT,66300.0,66537.4,65969.21,67375.12,364.23,down,bearish,breakout_down_weak
2026-03-29 21:59:59.999,2026-03-29 21:59:59.999,15m,SHORT,66251.2,66300.0,65710.42,67169.26,377.94,down,bearish,exhaustion_up
2026-03-29 22:29:59.999,2026-03-29 22:29:59.999,15m,SHORT,66565.6,66371.4,65797.49,67217.55,367.89,down,bearish,breakout_up_weak
2026-03-29 22:44:59.999,2026-03-29 22:44:59.999,15m,SHORT,66634.3,66565.6,65994.25,67407.97,366.25,down,bearish,breakout_up_weak
2026-03-29 22:59:59.999,2026-03-29 22:59:59.999,15m,SHORT,66624.1,66634.2,66080.86,67450.02,354.7,down,bearish,breakout_up_weak
2026-03-29 23:29:59.999,2026-03-29 23:29:59.999,15m,SHORT,66720.0,66813.6,66278.3,67602.82,343.14,down,bearish,trend_continuation_down
2026-03-29 23:44:59.999,2026-03-29 23:44:59.999,15m,SHORT,67021.0,66720.0,66197.89,67489.78,334.69,up,bearish,breakout_down_strong
2026-03-29 23:59:59.999,2026-03-29 23:59:59.999,15m,SHORT,67087.0,67021.0,66484.82,67811.53,343.71,up,bearish,breakout_up_weak
2026-03-30 00:14:59.999,2026-03-30 00:14:59.999,15m,SHORT,66980.1,67087.1,66531.97,67905.56,355.85,up,bearish,breakout_down_strong
2026-03-30 04:44:59.999,2026-03-30 04:44:59.999,15m,LONG,67283.7,67301.3,67578.77,66807.51,235.14,up,bullish,exhaustion_up
2026-03-30 05:14:59.999,2026-03-30 05:14:59.999,15m,LONG,67865.1,67595.9,67875.6,67098.14,237.03,up,bullish,breakout_up_strong
2026-03-30 05:29:59.999,2026-03-30 05:29:59.999,15m,LONG,67727.0,67865.0,68151.18,67355.71,242.52,up,bullish,exhaustion_down
2026-03-30 05:44:59.999,2026-03-30 05:44:59.999,15m,LONG,67725.4,67727.1,68008.94,67225.52,238.85,up,bullish,exhaustion_up
2026-03-30 06:14:59.999,2026-03-30 06:14:59.999,15m,LONG,67550.0,67633.9,67908.53,67145.15,232.74,up,bullish,breakout_down_weak
2026-03-30 06:29:59.999,2026-03-30 06:29:59.999,15m,LONG,67485.1,67549.9,67815.82,67076.65,225.36,up,bullish,inside_bullish_weak
2026-03-30 07:14:59.999,2026-03-30 07:14:59.999,15m,LONG,67411.9,67466.2,67711.06,67030.44,207.51,up,bullish,bearish_pressure
2026-03-30 10:59:59.999,2026-03-30 10:59:59.999,15m,LONG,67490.9,67673.6,67915.1,67243.82,204.66,up,bullish,breakout_down_weak
2026-03-30 11:59:59.999,2026-03-30 11:59:59.999,15m,LONG,67762.7,67100.0,67392.8,66578.92,248.13,up,bullish,bullish_pressure
2026-03-30 22:29:59.999,2026-03-30 22:29:59.999,15m,LONG,67743.0,67194.6,67466.18,66711.27,230.16,down,bullish,breakout_up_strong
2026-03-30 22:44:59.999,2026-03-30 22:44:59.999,15m,LONG,67893.3,67743.0,68050.43,67195.89,260.53,up,bullish,breakout_up_strong
2026-03-30 23:14:59.999,2026-03-30 23:14:59.999,15m,LONG,67883.5,67896.1,68234.9,67293.14,287.12,up,bullish,breakout_down_weak
2026-03-30 23:44:59.999,2026-03-30 23:44:59.999,15m,LONG,67948.0,68007.0,68332.25,67428.16,275.64,up,bullish,breakout_down_weak
2026-03-30 23:59:59.999,2026-03-30 23:59:59.999,15m,LONG,67911.8,67947.9,68269.04,67376.38,272.15,up,bullish,trend_continuation_down
2026-03-31 00:29:59.999,2026-03-31 00:29:59.999,15m,LONG,67807.2,67878.6,68188.42,67327.23,262.56,up,bullish,breakout_down_weak
2026-03-31 01:14:59.999,2026-03-31 01:14:59.999,15m,LONG,67630.1,67670.8,67963.29,67150.26,247.87,up,bullish,breakout_down_weak
2026-03-31 02:29:59.999,2026-03-31 02:29:59.999,15m,LONG,67592.3,67389.9,67676.64,66879.61,243.0,up,bullish,bullish_pressure
2026-03-31 02:59:59.999,2026-03-31 02:59:59.999,15m,LONG,67648.9,67643.4,67925.54,67141.28,239.11,up,bullish,breakout_up_strong
2026-03-31 03:29:59.999,2026-03-31 03:29:59.999,15m,LONG,67383.2,67446.6,67721.24,66957.84,232.74,up,bullish,breakout_down_weak
2026-03-31 04:44:59.999,2026-03-31 04:44:59.999,15m,LONG,67299.9,67260.8,67523.3,66793.64,222.46,up,bullish,inside_bullish_weak
2026-03-31 08:29:59.999,2026-03-31 08:29:59.999,15m,SHORT,66610.0,66543.3,66137.37,67141.79,260.21,down,bearish,breakout_up_weak
2026-03-31 08:44:59.999,2026-03-31 08:44:59.999,15m,SHORT,66696.1,66610.0,66194.06,67223.24,266.63,down,bearish,breakout_up_strong
2026-03-31 08:59:59.999,2026-03-31 08:59:59.999,15m,SHORT,66652.4,66696.0,66287.29,67298.59,262.0,down,bearish,breakout_down_strong
2026-03-31 09:14:59.999,2026-03-31 09:14:59.999,15m,SHORT,66541.3,66652.4,66254.82,67238.58,254.86,down,bearish,breakout_up_strong
2026-03-31 09:29:59.999,2026-03-31 09:29:59.999,15m,SHORT,66764.5,66541.3,66146.32,67123.64,253.19,down,bearish,trend_continuation_up
2026-03-31 09:59:59.999,2026-03-31 09:59:59.999,15m,SHORT,66623.8,66872.8,66475.03,67459.26,254.98,down,bearish,breakout_down_strong
2026-03-31 10:14:59.999,2026-03-31 10:14:59.999,15m,SHORT,66792.0,66623.8,66224.04,67213.19,256.26,down,bearish,trend_continuation_up
2026-03-31 13:29:59.999,2026-03-31 13:29:59.999,15m,SHORT,67056.5,66893.1,66315.48,67744.71,370.27,down,bearish,breakout_up_weak
2026-03-31 13:44:59.999,2026-03-31 13:44:59.999,15m,SHORT,67742.0,67056.4,66488.4,67893.84,364.11,up,bearish,breakout_down_strong
2026-03-31 14:14:59.999,2026-03-31 14:14:59.999,15m,SHORT,68432.9,67632.6,66984.22,68588.55,415.63,up,bearish,breakout_up_weak
2026-03-31 14:29:59.999,2026-03-31 14:29:59.999,15m,LONG,68002.3,68432.8,68972.49,67472.34,457.36,up,bullish,trend_continuation_down
2026-03-31 15:14:59.999,2026-03-31 15:14:59.999,15m,LONG,67739.7,67493.8,68046.63,66509.95,468.5,up,bullish,trend_continuation_up
2026-03-31 15:29:59.999,2026-03-31 15:29:59.999,15m,LONG,67744.9,67739.7,68276.38,66784.59,454.81,up,bullish,exhaustion_up
2026-03-31 16:14:59.999,2026-03-31 16:14:59.999,15m,LONG,67952.5,67814.5,68306.31,66939.25,416.79,up,bullish,breakout_up_strong
2026-03-31 16:29:59.999,2026-03-31 16:29:59.999,15m,LONG,67840.3,67952.6,68424.77,67112.3,400.14,up,bullish,trend_continuation_down
2026-03-31 17:14:59.999,2026-03-31 17:14:59.999,15m,LONG,68109.6,67803.0,68232.81,67038.09,364.24,up,bullish,breakout_up_strong
2026-03-31 17:44:59.999,2026-03-31 17:44:59.999,15m,LONG,68017.1,67967.2,68387.38,67219.41,356.09,up,bullish,breakout_down_weak
2026-03-31 18:59:59.999,2026-03-31 18:59:59.999,15m,LONG,68234.6,68130.1,68498.91,67473.75,312.55,up,bullish,breakout_up_strong
2026-03-31 19:14:59.999,2026-03-31 19:14:59.999,15m,LONG,68172.8,68234.7,68599.41,67585.65,309.07,up,bullish,breakout_down_weak
2026-03-31 19:44:59.999,2026-03-31 19:44:59.999,15m,LONG,68140.0,68080.1,68434.14,67450.03,300.03,up,bullish,breakout_down_weak
2026-03-31 20:14:59.999,2026-03-31 20:14:59.999,15m,LONG,68183.7,68141.7,68480.73,67538.33,287.32,up,bullish,breakout_down_weak
2026-03-31 20:44:59.999,2026-03-31 20:44:59.999,15m,LONG,68271.3,68224.2,68548.33,67647.35,274.69,up,bullish,exhaustion_up
2026-03-31 21:14:59.999,2026-03-31 21:14:59.999,15m,LONG,68004.7,68241.4,68541.66,67707.03,254.46,up,bullish,breakout_down_weak
2026-03-31 21:29:59.999,2026-03-31 21:29:59.999,15m,LONG,67964.3,68004.6,68305.85,67468.47,255.3,up,bullish,trend_continuation_up
2026-03-31 22:59:59.999,2026-03-31 22:59:59.999,15m,LONG,67746.4,67915.9,68223.48,67368.51,260.66,up,bullish,trend_continuation_down
2026-03-31 23:59:59.999,2026-03-31 23:59:59.999,15m,LONG,67623.8,67617.7,67914.67,67089.2,251.67,up,bullish,exhaustion_up
2026-04-01 00:44:59.999,2026-04-01 00:44:59.999,15m,LONG,68025.7,67932.2,68225.78,67409.74,248.79,up,bullish,exhaustion_up
2026-04-01 01:14:59.999,2026-04-01 01:14:59.999,15m,LONG,68037.1,68134.0,68416.94,67630.46,239.78,up,bullish,exhaustion_up
2026-04-01 01:29:59.999,2026-04-01 01:29:59.999,15m,LONG,68118.8,68037.2,68322.6,67529.28,241.87,up,bullish,bullish_pressure
2026-04-01 03:14:59.999,2026-04-01 03:14:59.999,15m,LONG,68616.6,68418.3,68701.5,67914.29,240.0,up,bullish,exhaustion_up
2026-04-01 03:29:59.999,2026-04-01 03:29:59.999,15m,LONG,68826.0,68616.6,68900.94,68110.57,240.97,up,bullish,breakout_up_strong
2026-04-01 04:14:59.999,2026-04-01 04:14:59.999,15m,LONG,69145.9,69069.1,69371.32,68531.25,256.12,up,bullish,exhaustion_up
2026-04-01 04:44:59.999,2026-04-01 04:44:59.999,15m,LONG,68862.4,68869.3,69174.98,68325.3,259.05,up,bullish,exhaustion_up
2026-04-01 05:14:59.999,2026-04-01 05:14:59.999,15m,LONG,68500.0,68651.9,68949.16,68122.88,251.91,up,bullish,exhaustion_up
2026-04-01 05:44:59.999,2026-04-01 05:44:59.999,15m,LONG,68743.4,68708.2,69010.08,68170.96,255.83,up,bullish,exhaustion_up
2026-04-01 06:44:59.999,2026-04-01 06:44:59.999,15m,LONG,68448.8,68527.3,68815.41,68014.56,244.16,up,bullish,exhaustion_up
2026-04-01 06:59:59.999,2026-04-01 06:59:59.999,15m,LONG,68608.4,68448.8,68734.91,67939.62,242.46,up,bullish,breakout_up_strong
2026-04-01 07:44:59.999,2026-04-01 07:44:59.999,15m,LONG,68465.6,68489.9,68760.15,68008.94,229.03,up,bullish,breakout_down_weak
2026-04-01 08:44:59.999,2026-04-01 08:44:59.999,15m,LONG,68571.2,68519.4,68771.67,68070.45,213.79,up,bullish,breakout_down_weak
2026-04-01 08:59:59.999,2026-04-01 08:59:59.999,15m,LONG,68669.9,68571.2,68813.74,68139.55,205.55,up,bullish,breakout_up_strong
2026-04-01 09:44:59.999,2026-04-01 09:44:59.999,15m,LONG,68637.4,68480.3,68720.25,68053.26,203.35,up,bullish,breakout_down_weak
2026-04-01 09:59:59.999,2026-04-01 09:59:59.999,15m,LONG,68363.8,68637.5,68904.8,68161.8,226.53,up,bullish,trend_continuation_down
2026-04-01 10:14:59.999,2026-04-01 10:14:59.999,15m,LONG,68403.7,68364.1,68651.24,67853.09,243.34,up,bullish,breakout_down_weak
2026-04-01 10:44:59.999,2026-04-01 10:44:59.999,15m,LONG,68076.6,68527.8,68812.5,68021.13,241.27,up,bullish,exhaustion_down
2026-04-01 11:14:59.999,2026-04-01 11:14:59.999,15m,LONG,68229.1,68091.4,68428.4,67491.65,285.59,up,bullish,trend_continuation_up
2026-04-01 11:44:59.999,2026-04-01 11:44:59.999,15m,LONG,68373.1,68485.6,68819.64,67891.12,283.09,up,bullish,breakout_down_weak
2026-04-01 11:59:59.999,2026-04-01 11:59:59.999,15m,LONG,68559.1,68373.2,68717.53,67760.4,291.81,up,bullish,breakout_up_strong
2026-04-01 12:59:59.999,2026-04-01 12:59:59.999,15m,LONG,68877.0,68716.9,69068.74,68090.75,298.17,up,bullish,exhaustion_up
2026-04-01 13:29:59.999,2026-04-01 13:29:59.999,15m,LONG,68836.0,68638.0,68984.0,68022.24,293.22,up,bullish,bullish_pressure
2026-04-01 13:44:59.999,2026-04-01 13:44:59.999,15m,LONG,68906.1,68836.1,69186.0,68213.4,296.52,up,bullish,breakout_down_weak
2026-04-01 13:59:59.999,2026-04-01 13:59:59.999,15m,LONG,68781.1,68906.2,69255.65,68284.3,296.14,up,bullish,trend_continuation_down
2026-04-01 14:14:59.999,2026-04-01 14:14:59.999,15m,LONG,68712.1,68781.1,69117.22,68182.92,284.85,up,bullish,breakout_up_strong
2026-04-01 14:29:59.999,2026-04-01 14:29:59.999,15m,LONG,68491.4,68712.0,69062.43,68088.36,296.97,up,bullish,exhaustion_up
2026-04-01 15:44:59.999,2026-04-01 15:44:59.999,15m,LONG,68195.4,68060.4,68396.52,67462.21,284.85,up,bullish,breakout_up_strong
2026-04-01 15:59:59.999,2026-04-01 15:59:59.999,15m,LONG,68054.2,68195.4,68532.93,67594.72,286.04,down,bullish,exhaustion_down
2026-04-01 16:14:59.999,2026-04-01 16:14:59.999,15m,LONG,68034.9,68054.2,68386.95,67462.01,281.99,down,bullish,breakout_up_strong
2026-04-01 16:44:59.999,2026-04-01 16:44:59.999,15m,LONG,68123.7,68244.8,68566.81,67671.74,272.89,down,bullish,breakout_down_strong
2026-04-01 16:59:59.999,2026-04-01 16:59:59.999,15m,LONG,68143.8,68123.6,68442.32,67556.38,270.1,down,bullish,breakout_up_strong
2026-04-01 17:29:59.999,2026-04-01 17:29:59.999,15m,LONG,68021.5,68053.5,68358.28,67511.1,258.28,down,bullish,breakout_down_weak
2026-04-01 17:59:59.999,2026-04-01 17:59:59.999,15m,LONG,68159.8,68148.5,68439.72,67630.22,246.8,down,bullish,breakout_up_weak
2026-04-01 18:59:59.999,2026-04-01 18:59:59.999,15m,LONG,68324.7,68312.7,68589.23,67820.57,234.35,down,bullish,trend_continuation_down
2026-04-01 19:29:59.999,2026-04-01 19:29:59.999,15m,LONG,68149.9,68184.2,68457.79,67697.29,231.86,down,bullish,breakout_down_strong
2026-04-01 20:14:59.999,2026-04-01 20:14:59.999,15m,LONG,68162.3,68088.5,68351.99,67619.58,223.3,down,bullish,breakout_up_strong
2026-04-01 20:29:59.999,2026-04-01 20:29:59.999,15m,LONG,68088.3,68162.4,68418.24,67707.09,216.81,down,bullish,breakout_down_strong
2026-04-01 20:44:59.999,2026-04-01 20:44:59.999,15m,LONG,68072.3,68088.3,68335.34,67648.66,209.35,down,bullish,exhaustion_down
2026-04-01 21:59:59.999,2026-04-01 21:59:59.999,15m,LONG,68565.1,68494.3,68737.47,68061.54,206.08,down,bullish,inside_bearish_weak
2026-04-01 22:14:59.999,2026-04-01 22:14:59.999,15m,LONG,68105.3,68565.2,68811.86,68126.23,209.03,down,bullish,breakout_down_strong
2026-04-01 22:29:59.999,2026-04-01 22:29:59.999,15m,LONG,67538.9,68105.4,68415.96,67552.7,263.19,down,bullish,breakout_down_strong
2026-04-01 22:44:59.999,2026-04-01 22:44:59.999,15m,LONG,67135.9,67538.9,67901.97,66892.77,307.68,down,bullish,trend_continuation_down
2026-04-01 22:59:59.999,2026-04-01 22:59:59.999,15m,LONG,67316.4,67135.9,67511.44,66467.56,318.26,down,bullish,breakout_down_weak
2026-04-01 23:14:59.999,2026-04-01 23:14:59.999,15m,LONG,66824.9,67316.4,67695.83,66641.14,321.55,down,bullish,breakout_down_strong
2026-04-02 01:59:59.999,2026-04-02 01:59:59.999,15m,SHORT,66300.2,66255.2,65797.25,66930.39,293.56,down,bearish,breakout_up_weak
2026-04-02 02:14:59.999,2026-04-02 02:14:59.999,15m,SHORT,66349.8,66300.2,65860.58,66948.35,281.81,down,bearish,breakout_up_weak
2026-04-02 02:29:59.999,2026-04-02 02:29:59.999,15m,SHORT,66449.9,66349.9,65918.48,66985.96,276.55,down,bearish,exhaustion_up
2026-04-02 02:44:59.999,2026-04-02 02:44:59.999,15m,SHORT,66553.6,66449.9,66034.27,67062.69,266.43,down,bearish,inside_bearish_weak
2026-04-02 03:29:59.999,2026-04-02 03:29:59.999,15m,SHORT,66612.7,66547.0,66165.58,67109.36,244.5,down,bearish,breakout_up_strong
2026-04-02 04:14:59.999,2026-04-02 04:14:59.999,15m,SHORT,66545.3,66653.0,66290.39,67187.61,232.44,down,bearish,breakout_up_weak
2026-04-02 04:29:59.999,2026-04-02 04:29:59.999,15m,SHORT,66647.2,66545.4,66190.82,67068.18,227.3,down,bearish,breakout_up_strong
2026-04-02 04:44:59.999,2026-04-02 04:44:59.999,15m,SHORT,66824.2,66647.2,66302.9,67154.82,220.7,down,bearish,breakout_up_strong
2026-04-02 04:59:59.999,2026-04-02 04:59:59.999,15m,SHORT,66887.9,66824.2,66480.44,67331.03,220.36,down,bearish,breakout_up_strong
2026-04-02 05:14:59.999,2026-04-02 05:14:59.999,15m,SHORT,66743.9,66887.8,66559.99,67371.11,210.13,down,bearish,breakout_down_strong
2026-04-02 05:29:59.999,2026-04-02 05:29:59.999,15m,SHORT,66645.3,66743.8,66416.39,67226.53,209.88,down,bearish,breakout_down_strong
2026-04-02 05:44:59.999,2026-04-02 05:44:59.999,15m,SHORT,66475.6,66645.2,66319.54,67125.33,208.75,down,bearish,breakout_up_weak
2026-04-02 05:59:59.999,2026-04-02 05:59:59.999,15m,SHORT,66418.2,66475.7,66146.25,66961.43,211.19,down,bearish,exhaustion_up
2026-04-02 06:14:59.999,2026-04-02 06:14:59.999,15m,SHORT,66394.4,66418.1,66094.71,66894.89,207.3,down,bearish,exhaustion_down
2026-04-02 09:44:59.999,2026-04-02 09:44:59.999,15m,SHORT,66179.8,66115.4,65799.36,66581.36,202.59,down,bearish,bearish_pressure
2026-04-02 10:59:59.999,2026-04-02 10:59:59.999,15m,SHORT,66227.3,65826.7,65465.1,66359.82,231.79,down,bearish,breakout_up_strong
2026-04-02 11:44:59.999,2026-04-02 11:44:59.999,15m,SHORT,67016.9,66221.9,65827.05,66804.05,253.11,down,bearish,breakout_up_strong
2026-04-02 11:59:59.999,2026-04-02 11:59:59.999,15m,SHORT,66822.4,67016.9,66559.69,67691.0,293.09,down,bearish,breakout_down_strong
2026-04-02 12:14:59.999,2026-04-02 12:14:59.999,15m,SHORT,66858.7,66822.3,66346.6,67523.66,304.94,down,bearish,breakout_down_weak
2026-04-02 13:29:59.999,2026-04-02 13:29:59.999,15m,SHORT,66836.6,66867.0,66420.34,67525.54,286.32,down,bearish,breakout_down_weak
2026-04-02 14:14:59.999,2026-04-02 14:14:59.999,15m,SHORT,67133.7,67050.0,66606.34,67704.11,284.4,up,bearish,breakout_down_strong
2026-04-02 14:29:59.999,2026-04-02 14:29:59.999,15m,SHORT,67201.9,67133.7,66681.72,67800.09,289.73,up,bearish,breakout_up_weak
2026-04-02 14:44:59.999,2026-04-02 14:44:59.999,15m,SHORT,66949.9,67201.8,66751.62,67865.52,288.57,up,bearish,breakout_down_strong
2026-04-02 14:59:59.999,2026-04-02 14:59:59.999,15m,SHORT,66641.4,66949.9,66494.84,67620.82,291.7,up,bearish,breakout_down_strong
2026-04-02 15:14:59.999,2026-04-02 15:14:59.999,15m,SHORT,66666.2,66641.4,66182.34,67318.22,294.27,up,bearish,trend_continuation_up
2026-04-02 15:59:59.999,2026-04-02 15:59:59.999,15m,SHORT,66941.6,66716.1,66284.25,67352.81,276.83,up,bearish,breakout_up_strong
2026-04-02 16:14:59.999,2026-04-02 16:14:59.999,15m,SHORT,67017.6,66941.7,66501.48,67590.74,282.19,up,bearish,exhaustion_up
2026-04-02 16:29:59.999,2026-04-02 16:29:59.999,15m,SHORT,66994.2,67017.6,66588.43,67650.34,275.11,up,bearish,inside_bearish_weak
2026-04-02 16:59:59.999,2026-04-02 16:59:59.999,15m,SHORT,66943.2,66928.3,66517.43,67534.07,263.38,up,bearish,breakout_down_weak
2026-04-02 17:29:59.999,2026-04-02 17:29:59.999,15m,SHORT,67017.9,66856.8,66464.71,67434.88,251.34,up,bearish,breakout_up_strong
2026-04-02 17:59:59.999,2026-04-02 17:59:59.999,15m,SHORT,66906.3,67001.0,66625.7,67554.33,240.58,up,bearish,breakout_down_strong
2026-04-02 18:14:59.999,2026-04-02 18:14:59.999,15m,SHORT,66790.0,66906.4,66544.07,67440.61,232.26,up,bearish,breakout_down_weak
2026-04-02 18:29:59.999,2026-04-02 18:29:59.999,15m,SHORT,66802.3,66790.0,66418.77,67337.32,237.97,up,bearish,trend_continuation_up
2026-04-02 19:14:59.999,2026-04-02 19:14:59.999,15m,SHORT,66869.5,66910.7,66568.75,67414.86,219.2,up,bearish,breakout_up_weak
2026-04-02 19:29:59.999,2026-04-02 19:29:59.999,15m,SHORT,66875.6,66869.6,66538.03,67358.45,212.54,up,bearish,breakout_up_strong
2026-04-02 19:59:59.999,2026-04-02 19:59:59.999,15m,SHORT,66954.0,66947.2,66631.2,67413.09,202.56,up,bearish,exhaustion_down
2026-04-05 20:14:59.999,2026-04-05 20:14:59.999,15m,LONG,68577.9,68313.0,68566.06,67862.63,214.46,up,bullish,exhaustion_up
2026-04-05 20:29:59.999,2026-04-05 20:29:59.999,15m,LONG,68772.1,68577.9,68842.22,68107.5,224.0,up,bullish,breakout_up_strong
2026-04-05 20:44:59.999,2026-04-05 20:44:59.999,15m,LONG,68923.7,68772.0,69049.35,68278.41,235.04,up,bullish,breakout_up_strong
2026-04-05 20:59:59.999,2026-04-05 20:59:59.999,15m,LONG,68997.9,68923.8,69210.51,68413.55,242.98,up,bullish,exhaustion_up
2026-04-05 21:29:59.999,2026-04-05 21:29:59.999,15m,LONG,69150.8,69205.2,69514.05,68655.55,261.74,up,bullish,exhaustion_up
2026-04-05 21:44:59.999,2026-04-05 21:44:59.999,15m,LONG,69282.5,69150.9,69460.43,68600.04,262.31,up,bullish,breakout_down_weak
2026-04-05 22:14:59.999,2026-04-05 22:14:59.999,15m,LONG,68816.1,69051.9,69369.29,68487.06,268.97,up,bullish,breakout_down_weak
2026-04-05 22:59:59.999,2026-04-05 22:59:59.999,15m,LONG,68782.9,68772.1,69075.4,68232.32,257.04,up,bullish,exhaustion_up
2026-04-05 23:59:59.999,2026-04-05 23:59:59.999,15m,LONG,69183.6,69187.0,69495.01,68638.85,261.02,up,bullish,inside_bullish_weak
2026-04-06 00:29:59.999,2026-04-06 00:29:59.999,15m,LONG,69151.4,69099.6,69385.61,68590.59,242.39,up,bullish,breakout_down_weak
2026-04-06 00:44:59.999,2026-04-06 00:44:59.999,15m,LONG,69092.8,69151.4,69429.43,68656.61,235.61,up,bullish,inside_bullish_weak
2026-04-06 01:14:59.999,2026-04-06 01:14:59.999,15m,LONG,69039.0,69092.3,69352.81,68628.68,220.77,up,bullish,breakout_up_strong
2026-04-06 01:29:59.999,2026-04-06 01:29:59.999,15m,LONG,68971.7,69039.0,69298.3,68577.54,219.74,up,bullish,trend_continuation_down
2026-04-06 01:44:59.999,2026-04-06 01:44:59.999,15m,LONG,69147.1,68971.7,69221.04,68527.96,211.31,up,bullish,breakout_up_strong
2026-04-06 01:59:59.999,2026-04-06 01:59:59.999,15m,LONG,69107.6,69147.0,69397.16,68701.8,212.0,up,bullish,breakout_down_weak
2026-04-06 02:14:59.999,2026-04-06 02:14:59.999,15m,LONG,69129.2,69107.6,69347.22,68681.15,203.07,up,bullish,inside_bullish_weak
2026-04-06 03:59:59.999,2026-04-06 03:59:59.999,15m,LONG,68958.7,68904.3,69141.67,68481.86,201.16,up,bullish,breakout_up_strong
2026-04-06 05:14:59.999,2026-04-06 05:14:59.999,15m,LONG,69144.0,69089.8,69327.26,68667.19,201.24,up,bullish,bullish_pressure
2026-04-06 06:29:59.999,2026-04-06 06:29:59.999,15m,LONG,69899.9,69604.0,69854.88,69157.52,212.61,up,bullish,breakout_up_strong
2026-04-06 07:14:59.999,2026-04-06 07:14:59.999,15m,LONG,69784.0,69699.4,69987.34,69186.96,244.02,up,bullish,breakout_up_strong
2026-04-06 07:29:59.999,2026-04-06 07:29:59.999,15m,LONG,69730.2,69784.0,70062.14,69289.01,235.71,up,bullish,breakout_down_weak
2026-04-06 07:44:59.999,2026-04-06 07:44:59.999,15m,LONG,69851.0,69730.1,70000.74,69248.45,229.36,up,bullish,trend_continuation_up
2026-04-06 07:59:59.999,2026-04-06 07:59:59.999,15m,LONG,69739.2,69851.1,70124.98,69363.68,232.1,up,bullish,breakout_down_weak
2026-04-06 08:14:59.999,2026-04-06 08:14:59.999,15m,LONG,69640.0,69739.2,70009.12,69258.83,228.75,up,bullish,trend_continuation_down
2026-04-06 09:29:59.999,2026-04-06 09:29:59.999,15m,LONG,69433.5,69449.9,69689.54,69023.42,203.09,up,bullish,breakout_up_strong
2026-04-06 11:29:59.999,2026-04-06 11:29:59.999,15m,LONG,69512.8,69316.2,69584.54,68838.65,227.4,up,bullish,breakout_up_strong
2026-04-06 11:59:59.999,2026-04-06 11:59:59.999,15m,LONG,69620.0,69425.4,69724.65,68892.84,253.6,up,bullish,trend_continuation_down
2026-04-06 12:14:59.999,2026-04-06 12:14:59.999,15m,LONG,69667.4,69620.0,69931.41,69065.79,263.91,up,bullish,exhaustion_up
2026-04-06 13:44:59.999,2026-04-06 13:44:59.999,15m,LONG,70097.7,69863.7,70158.33,69339.35,249.69,up,bullish,trend_continuation_up
2026-04-06 14:14:59.999,2026-04-06 14:14:59.999,15m,LONG,69309.9,69759.2,70086.01,69177.58,276.96,up,bullish,breakout_down_weak
2026-04-06 14:44:59.999,2026-04-06 14:44:59.999,15m,LONG,69429.6,69499.0,69846.7,68880.22,294.66,up,bullish,exhaustion_up
2026-04-06 14:59:59.999,2026-04-06 14:59:59.999,15m,LONG,69540.6,69429.5,69769.09,68825.14,287.79,up,bullish,trend_continuation_up
2026-04-06 15:59:59.999,2026-04-06 15:59:59.999,15m,LONG,69852.9,69741.4,70069.39,69157.69,277.96,up,bullish,exhaustion_down
2026-04-06 16:44:59.999,2026-04-06 16:44:59.999,15m,LONG,69723.3,69805.4,70123.58,69239.14,269.65,up,bullish,bearish_pressure
2026-04-06 17:29:59.999,2026-04-06 17:29:59.999,15m,LONG,69918.1,69724.9,70016.61,69205.75,247.21,up,bullish,breakout_up_strong
2026-04-06 18:14:59.999,2026-04-06 18:14:59.999,15m,LONG,69690.6,69779.5,70045.7,69305.75,225.59,up,bullish,breakout_down_weak
2026-04-06 18:29:59.999,2026-04-06 18:29:59.999,15m,LONG,69622.6,69690.6,69949.93,69229.08,219.77,up,bullish,bearish_pressure
2026-04-06 18:44:59.999,2026-04-06 18:44:59.999,15m,LONG,69400.4,69622.6,69872.71,69177.48,211.96,up,bullish,breakout_down_weak
2026-04-06 18:59:59.999,2026-04-06 18:59:59.999,15m,LONG,69476.5,69401.5,69653.22,68953.53,213.32,up,bullish,breakout_up_strong
2026-04-06 19:44:59.999,2026-04-06 19:44:59.999,15m,LONG,69196.7,69333.0,69578.52,68896.06,208.07,up,bullish,breakout_down_weak
2026-04-06 20:14:59.999,2026-04-06 20:14:59.999,15m,LONG,68565.1,68777.0,69037.57,68313.27,220.82,down,bullish,breakout_down_weak
2026-04-06 20:29:59.999,2026-04-06 20:29:59.999,15m,LONG,68498.4,68565.1,68854.3,68050.42,245.09,down,bullish,inside_bullish_weak
2026-04-06 20:44:59.999,2026-04-06 20:44:59.999,15m,LONG,68751.3,68498.3,68783.53,67990.68,241.72,down,bullish,breakout_up_weak
2026-04-06 20:59:59.999,2026-04-06 20:59:59.999,15m,LONG,68817.9,68751.3,69048.0,68223.28,251.44,down,bullish,exhaustion_up
2026-04-06 21:14:59.999,2026-04-06 21:14:59.999,15m,LONG,68912.4,68817.9,69104.65,68307.59,243.01,down,bullish,breakout_up_weak
2026-04-06 21:29:59.999,2026-04-06 21:29:59.999,15m,LONG,68902.4,68912.5,69207.89,68386.81,250.33,down,bullish,inside_bullish_weak
2026-04-06 21:59:59.999,2026-04-06 21:59:59.999,15m,LONG,68738.7,68749.5,69048.57,68217.26,253.45,down,bullish,breakout_up_strong
2026-04-06 22:29:59.999,2026-04-06 22:29:59.999,15m,LONG,68692.6,68554.9,68846.11,68036.64,246.79,down,bullish,breakout_up_strong
2026-04-06 22:44:59.999,2026-04-06 22:44:59.999,15m,LONG,68599.5,68692.6,68990.27,68162.85,252.26,down,bullish,trend_continuation_up
2026-04-06 22:59:59.999,2026-04-06 22:59:59.999,15m,LONG,68363.9,68599.5,68894.92,68073.75,250.36,down,bullish,breakout_down_strong
2026-04-06 23:14:59.999,2026-04-06 23:14:59.999,15m,LONG,68390.6,68363.9,68665.56,67827.06,255.64,down,bullish,inside_bullish_weak
2026-04-06 23:44:59.999,2026-04-06 23:44:59.999,15m,LONG,68586.0,68543.5,68835.44,68023.95,247.4,down,bullish,breakout_down_weak
2026-04-07 00:14:59.999,2026-04-07 00:14:59.999,15m,LONG,68645.0,68640.3,68921.29,68140.24,238.12,down,bullish,breakout_up_weak
2026-04-07 00:44:59.999,2026-04-07 00:44:59.999,15m,LONG,68764.0,68745.0,69010.08,68273.24,224.65,down,bullish,inside_bearish_weak
2026-04-07 01:14:59.999,2026-04-07 01:14:59.999,15m,LONG,68637.6,68746.4,68986.88,68318.42,203.8,down,bullish,breakout_down_strong
2026-04-07 01:59:59.999,2026-04-07 01:59:59.999,15m,LONG,68819.3,68822.0,69060.59,68397.39,202.19,down,bullish,breakout_up_strong
2026-04-07 07:59:59.999,2026-04-07 07:59:59.999,15m,LONG,68196.0,68440.1,68682.52,68008.67,205.44,down,bullish,breakout_down_weak
2026-04-07 08:14:59.999,2026-04-07 08:14:59.999,15m,LONG,68309.3,68196.1,68446.42,67750.61,212.14,down,bullish,breakout_down_weak
2026-04-07 16:29:59.999,2026-04-07 16:29:59.999,15m,LONG,68547.9,68422.0,68702.81,67922.26,237.97,down,bullish,breakout_up_strong
2026-04-07 16:44:59.999,2026-04-07 16:44:59.999,15m,LONG,68478.4,68547.9,68839.45,68029.05,247.07,down,bullish,breakout_down_strong
2026-04-07 16:59:59.999,2026-04-07 16:59:59.999,15m,LONG,68975.9,68478.5,68759.82,67977.85,238.4,down,bullish,breakout_up_strong
2026-04-07 17:14:59.999,2026-04-07 17:14:59.999,15m,LONG,69399.8,68975.9,69288.33,68419.89,264.77,up,bullish,breakout_up_strong
2026-04-07 17:29:59.999,2026-04-07 17:29:59.999,15m,LONG,69325.8,69399.8,69734.08,68804.89,283.29,up,bullish,breakout_down_weak
2026-04-07 17:44:59.999,2026-04-07 17:44:59.999,15m,LONG,69264.1,69325.7,69654.69,68740.21,278.81,up,bullish,exhaustion_up
2026-04-07 17:59:59.999,2026-04-07 17:59:59.999,15m,LONG,69285.2,69264.0,69588.13,68687.16,274.68,up,bullish,breakout_down_weak
2026-04-07 18:29:59.999,2026-04-07 18:29:59.999,15m,LONG,69561.0,69949.9,70320.09,69291.08,313.72,up,bullish,breakout_down_weak
2026-04-07 18:59:59.999,2026-04-07 18:59:59.999,15m,LONG,69886.7,69879.9,70269.78,69186.04,330.41,up,bullish,exhaustion_up
2026-04-07 19:29:59.999,2026-04-07 19:29:59.999,15m,LONG,70380.1,70261.9,70677.68,69521.96,352.35,up,bullish,trend_continuation_down
2026-04-07 19:44:59.999,2026-04-07 19:44:59.999,15m,LONG,70726.2,70380.0,70790.26,69649.88,347.68,up,bullish,breakout_up_strong
2026-04-07 20:59:59.999,2026-04-07 20:59:59.999,15m,LONG,71890.2,71989.3,72611.2,70882.52,527.04,up,bullish,breakout_up_strong
2026-04-07 21:14:59.999,2026-04-07 21:14:59.999,15m,LONG,71930.0,71890.2,72497.17,70809.99,514.38,up,bullish,exhaustion_up
2026-04-07 22:14:59.999,2026-04-07 22:14:59.999,15m,LONG,71654.2,71681.9,72221.25,70722.04,457.08,up,bullish,trend_continuation_down
2026-04-07 22:44:59.999,2026-04-07 22:44:59.999,15m,LONG,71440.7,71449.9,71956.44,70548.42,429.27,up,bullish,bullish_pressure
2026-04-07 23:44:59.999,2026-04-07 23:44:59.999,15m,LONG,71276.7,71428.1,71878.86,70625.89,382.0,up,bullish,breakout_down_weak
2026-04-07 23:59:59.999,2026-04-07 23:59:59.999,15m,LONG,71330.0,71276.7,71717.8,70491.68,373.82,up,bullish,breakout_up_strong
2026-04-08 00:14:59.999,2026-04-08 00:14:59.999,15m,LONG,71259.9,71329.9,71748.32,70585.25,354.59,up,bullish,breakout_up_strong
2026-04-08 01:14:59.999,2026-04-08 01:14:59.999,15m,LONG,71486.0,71259.7,71615.8,70625.97,301.78,up,bullish,breakout_up_strong
2026-04-08 01:29:59.999,2026-04-08 01:29:59.999,15m,LONG,71534.3,71486.0,71839.59,70856.74,299.65,up,bullish,exhaustion_up
2026-04-08 02:14:59.999,2026-04-08 02:14:59.999,15m,LONG,71633.0,71528.6,71845.73,70964.21,268.76,up,bullish,bullish_pressure
2026-04-08 02:44:59.999,2026-04-08 02:44:59.999,15m,LONG,71668.2,71680.3,71977.17,71151.98,251.58,up,bullish,exhaustion_up
2026-04-08 04:29:59.999,2026-04-08 04:29:59.999,15m,LONG,71780.0,71729.7,71986.49,71272.7,217.62,up,bullish,exhaustion_down
2026-04-08 05:14:59.999,2026-04-08 05:14:59.999,15m,LONG,71681.3,71612.1,71853.51,71182.48,204.58,up,bullish,breakout_up_strong
2026-04-08 05:29:59.999,2026-04-08 05:29:59.999,15m,LONG,71724.0,71681.3,71920.54,71255.53,202.75,up,bullish,breakout_up_strong
2026-04-08 10:29:59.999,2026-04-08 10:29:59.999,15m,LONG,72449.9,72590.4,72879.74,72075.48,245.2,up,bullish,exhaustion_up
2026-04-08 10:44:59.999,2026-04-08 10:44:59.999,15m,LONG,71640.7,72450.0,72758.95,71900.17,261.82,up,bullish,breakout_down_weak
2026-04-08 10:59:59.999,2026-04-08 10:59:59.999,15m,LONG,71563.2,71640.6,72007.39,70987.85,310.84,up,bullish,breakout_up_strong
2026-04-08 11:14:59.999,2026-04-08 11:14:59.999,15m,LONG,71472.6,71563.2,71945.04,70883.65,323.6,up,bullish,exhaustion_up
2026-04-08 11:29:59.999,2026-04-08 11:29:59.999,15m,LONG,71424.2,71472.6,71865.37,70773.61,332.85,up,bullish,exhaustion_up
2026-04-08 11:59:59.999,2026-04-08 11:59:59.999,15m,LONG,70888.0,71052.8,71462.69,70323.34,347.36,up,bullish,exhaustion_down
2026-04-08 12:44:59.999,2026-04-08 12:44:59.999,15m,LONG,71157.6,71151.5,71552.57,70437.74,339.89,up,bullish,exhaustion_down
2026-04-08 13:59:59.999,2026-04-08 13:59:59.999,15m,LONG,71560.9,71416.7,71769.51,70788.82,298.99,up,bullish,breakout_up_strong
2026-04-08 14:14:59.999,2026-04-08 14:14:59.999,15m,LONG,71744.3,71561.0,71911.11,70937.92,296.71,up,bullish,trend_continuation_up
2026-04-08 15:14:59.999,2026-04-08 15:14:59.999,15m,LONG,71670.5,71847.5,72180.41,71255.03,282.13,up,bullish,exhaustion_down
2026-04-08 15:44:59.999,2026-04-08 15:44:59.999,15m,LONG,71265.3,71355.5,71699.87,70742.65,291.83,up,bullish,breakout_up_strong
2026-04-08 16:29:59.999,2026-04-08 16:29:59.999,15m,LONG,71086.2,71235.3,71580.92,70620.21,292.9,down,bullish,inside_bearish_weak
2026-04-08 16:44:59.999,2026-04-08 16:44:59.999,15m,LONG,71263.5,71086.2,71421.57,70489.35,284.22,down,bullish,inside_bullish_weak
2026-04-08 16:59:59.999,2026-04-08 16:59:59.999,15m,LONG,71283.0,71263.6,71600.53,70663.97,285.54,down,bullish,breakout_up_weak
2026-04-08 17:29:59.999,2026-04-08 17:29:59.999,15m,LONG,71399.7,71397.6,71709.79,70842.0,264.57,down,bullish,breakout_up_strong
2026-04-08 18:14:59.999,2026-04-08 18:14:59.999,15m,LONG,71476.4,71337.0,71618.8,70835.5,238.81,down,bullish,breakout_down_strong
2026-04-08 18:44:59.999,2026-04-08 18:44:59.999,15m,LONG,71504.1,71627.2,71911.53,71121.19,240.96,up,bullish,breakout_down_weak
2026-04-08 18:59:59.999,2026-04-08 18:59:59.999,15m,LONG,71509.5,71504.1,71784.72,71004.68,237.82,up,bullish,bullish_pressure
2026-04-08 19:29:59.999,2026-04-08 19:29:59.999,15m,LONG,71134.6,71414.8,71682.9,70937.67,227.2,down,bullish,breakout_down_weak
2026-04-08 19:44:59.999,2026-04-08 19:44:59.999,15m,LONG,71208.1,71134.7,71411.89,70641.4,234.9,down,bullish,trend_continuation_up
2026-04-08 19:59:59.999,2026-04-08 19:59:59.999,15m,LONG,71024.3,71208.1,71490.33,70705.83,239.17,down,bullish,trend_continuation_up
2026-04-08 20:14:59.999,2026-04-08 20:14:59.999,15m,LONG,71131.5,71024.2,71305.32,70523.91,238.23,down,bullish,breakout_down_weak
2026-04-08 20:29:59.999,2026-04-08 20:29:59.999,15m,LONG,70995.3,71131.6,71417.79,70622.29,242.53,down,bullish,bearish_pressure
2026-04-08 20:44:59.999,2026-04-08 20:44:59.999,15m,LONG,71047.1,70995.3,71288.29,70473.89,248.29,down,bullish,exhaustion_down
2026-04-08 20:59:59.999,2026-04-08 20:59:59.999,15m,LONG,71038.1,71047.0,71333.9,70536.41,243.14,down,bullish,breakout_up_strong
2026-04-08 21:29:59.999,2026-04-08 21:29:59.999,15m,LONG,70891.1,70970.7,71239.72,70491.93,227.98,down,bullish,breakout_down_weak
2026-04-08 21:44:59.999,2026-04-08 21:44:59.999,15m,LONG,70782.3,70891.2,71154.18,70423.19,222.86,down,bullish,breakout_down_weak
2026-04-08 21:59:59.999,2026-04-08 21:59:59.999,15m,LONG,70779.0,70782.4,71042.3,70319.87,220.25,down,bullish,breakout_down_weak
2026-04-08 22:29:59.999,2026-04-08 22:29:59.999,15m,LONG,70591.5,70634.8,70911.82,70141.8,234.76,down,bullish,bearish_pressure
2026-04-08 22:59:59.999,2026-04-08 22:59:59.999,15m,LONG,70900.0,70730.3,71009.08,70234.17,236.25,down,bullish,breakout_up_weak
2026-04-08 23:14:59.999,2026-04-08 23:14:59.999,15m,LONG,70801.1,70899.9,71181.86,70398.11,238.95,down,bullish,breakout_down_weak
2026-04-08 23:29:59.999,2026-04-08 23:29:59.999,15m,LONG,70989.5,70801.4,71079.9,70305.76,236.02,down,bullish,trend_continuation_up
2026-04-08 23:44:59.999,2026-04-08 23:44:59.999,15m,LONG,71013.2,70989.5,71270.54,70489.35,238.17,down,bullish,inside_bullish_weak
2026-04-09 00:14:59.999,2026-04-09 00:14:59.999,15m,LONG,70955.5,71029.6,71304.63,70540.15,233.07,down,bullish,bullish_pressure
2026-04-09 00:29:59.999,2026-04-09 00:29:59.999,15m,LONG,70882.6,70955.5,71226.47,70473.27,229.63,down,bullish,exhaustion_down
2026-04-09 00:59:59.999,2026-04-09 00:59:59.999,15m,LONG,70961.2,70875.9,71130.43,70422.92,215.7,down,bullish,breakout_up_weak
2026-04-09 01:14:59.999,2026-04-09 01:14:59.999,15m,LONG,70880.4,70961.2,71214.75,70509.96,214.88,down,bullish,exhaustion_down
2026-04-09 01:29:59.999,2026-04-09 01:29:59.999,15m,LONG,70820.1,70880.4,71126.47,70442.48,208.53,down,bullish,exhaustion_down
2026-04-09 01:44:59.999,2026-04-09 01:44:59.999,15m,LONG,70843.1,70820.1,71060.12,70392.94,203.41,down,bullish,breakout_up_strong
2026-04-09 11:59:59.999,2026-04-09 11:59:59.999,15m,LONG,71083.5,70849.6,71103.85,70397.12,215.47,down,bullish,breakout_up_strong
2026-04-09 12:14:59.999,2026-04-09 12:14:59.999,15m,LONG,71300.5,71083.4,71351.09,70607.0,226.86,down,bullish,breakout_down_weak
2026-04-09 12:29:59.999,2026-04-09 12:29:59.999,15m,LONG,71302.2,71300.5,71586.62,70791.31,242.47,down,bullish,breakout_up_weak
2026-04-09 13:14:59.999,2026-04-09 13:14:59.999,15m,LONG,72138.0,72108.0,72463.83,71474.74,301.55,up,bullish,trend_continuation_up
2026-04-09 13:59:59.999,2026-04-09 13:59:59.999,15m,LONG,72048.0,71933.0,72296.9,71285.38,308.39,up,bullish,trend_continuation_down
2026-04-09 14:14:59.999,2026-04-09 14:14:59.999,15m,LONG,72442.6,72048.1,72416.66,71392.2,312.33,up,bullish,breakout_up_strong
2026-04-09 15:29:59.999,2026-04-09 15:29:59.999,15m,LONG,71869.5,71857.0,72256.38,71146.23,338.46,up,bullish,inside_bullish_weak
2026-04-09 16:29:59.999,2026-04-09 16:29:59.999,15m,LONG,71785.0,71993.3,72360.18,71340.39,310.91,up,bullish,breakout_down_weak
2026-04-09 16:59:59.999,2026-04-09 16:59:59.999,15m,LONG,72055.9,72072.8,72445.93,71408.76,316.21,up,bullish,breakout_up_strong
2026-04-09 17:29:59.999,2026-04-09 17:29:59.999,15m,LONG,72254.6,72142.6,72506.16,71495.59,308.1,up,bullish,breakout_up_strong
2026-04-09 17:44:59.999,2026-04-09 17:44:59.999,15m,LONG,72387.5,72254.6,72608.36,71625.02,299.8,up,bullish,breakout_up_strong
2026-04-09 18:44:59.999,2026-04-09 18:44:59.999,15m,LONG,72420.3,72142.7,72488.71,71526.92,293.23,up,bullish,trend_continuation_up
2026-04-09 18:59:59.999,2026-04-09 18:59:59.999,15m,LONG,72230.1,72420.5,72768.95,71800.38,295.3,up,bullish,bearish_pressure
2026-04-09 19:14:59.999,2026-04-09 19:14:59.999,15m,LONG,72470.5,72230.2,72575.21,71616.2,292.38,up,bullish,breakout_up_strong
2026-04-09 19:44:59.999,2026-04-09 19:44:59.999,15m,LONG,72284.1,72592.1,72966.88,71925.11,317.61,up,bullish,breakout_down_weak
2026-04-09 19:59:59.999,2026-04-09 19:59:59.999,15m,LONG,71911.2,72284.1,72661.18,71613.02,319.56,up,bullish,bullish_pressure
2026-04-09 20:14:59.999,2026-04-09 20:14:59.999,15m,LONG,71775.1,71911.1,72306.44,71207.52,335.04,up,bullish,breakout_down_weak
2026-04-09 20:29:59.999,2026-04-09 20:29:59.999,15m,LONG,71748.9,71775.0,72165.62,71079.83,331.03,up,bullish,exhaustion_down
2026-04-09 22:14:59.999,2026-04-09 22:14:59.999,15m,LONG,71959.4,71932.3,72267.44,71335.87,284.01,up,bullish,trend_continuation_down
2026-04-09 22:44:59.999,2026-04-09 22:44:59.999,15m,LONG,72263.3,71833.9,72176.63,71223.96,290.45,up,bullish,breakout_up_strong
2026-04-09 23:14:59.999,2026-04-09 23:14:59.999,15m,LONG,72187.1,72124.0,72480.13,71490.2,301.81,up,bullish,breakout_down_weak
2026-04-10 00:14:59.999,2026-04-10 00:14:59.999,15m,LONG,71824.2,71926.2,72238.27,71370.82,264.46,up,bullish,exhaustion_up
2026-04-10 00:29:59.999,2026-04-10 00:29:59.999,15m,LONG,71777.2,71824.3,72128.87,71282.27,258.11,up,bullish,bullish_pressure
2026-04-10 00:44:59.999,2026-04-10 00:44:59.999,15m,LONG,71880.5,71777.2,72071.31,71253.79,249.25,up,bullish,breakout_up_strong
2026-04-10 00:59:59.999,2026-04-10 00:59:59.999,15m,LONG,71837.3,71881.7,72168.18,71371.87,242.78,up,bullish,breakout_down_weak
2026-04-10 01:14:59.999,2026-04-10 01:14:59.999,15m,LONG,71838.0,71837.3,72113.92,71345.01,234.42,up,bullish,breakout_up_strong
2026-04-10 01:59:59.999,2026-04-10 01:59:59.999,15m,LONG,72088.8,71872.7,72117.98,71436.18,207.87,up,bullish,breakout_up_strong
2026-04-10 02:44:59.999,2026-04-10 02:44:59.999,15m,LONG,72126.4,72189.9,72445.76,71734.56,216.83,up,bullish,breakout_down_weak
2026-04-10 10:59:59.999,2026-04-10 10:59:59.999,15m,LONG,72284.0,72033.9,72281.23,71593.75,209.6,up,bullish,breakout_up_strong
2026-04-10 11:29:59.999,2026-04-10 11:29:59.999,15m,LONG,72933.0,72667.3,72949.97,72164.25,239.55,up,bullish,inside_bullish_weak
2026-04-10 11:44:59.999,2026-04-10 11:44:59.999,15m,LONG,72819.1,72933.0,73234.17,72397.01,255.23,up,bullish,trend_continuation_up
2026-04-10 11:59:59.999,2026-04-10 11:59:59.999,15m,LONG,72870.6,72819.2,73137.9,72252.02,270.09,up,bullish,trend_continuation_down
2026-04-10 12:29:59.999,2026-04-10 12:29:59.999,15m,LONG,72740.5,72978.0,73299.62,72405.63,272.56,up,bullish,exhaustion_down
2026-04-10 12:44:59.999,2026-04-10 12:44:59.999,15m,LONG,72703.9,72740.4,73085.88,72125.56,292.78,up,bullish,breakout_down_weak
2026-04-10 13:14:59.999,2026-04-10 13:14:59.999,15m,LONG,72661.2,72421.1,72774.94,71791.38,299.87,up,bullish,inside_bullish_weak
2026-04-10 15:29:59.999,2026-04-10 15:29:59.999,15m,LONG,72940.0,73047.0,73374.81,72463.61,277.8,up,bullish,breakout_down_weak
2026-04-10 15:44:59.999,2026-04-10 15:44:59.999,15m,LONG,72896.9,72939.9,73268.95,72354.29,278.86,up,bullish,trend_continuation_down
2026-04-10 15:59:59.999,2026-04-10 15:59:59.999,15m,LONG,73056.7,72896.9,73211.45,72337.1,266.57,up,bullish,breakout_up_strong
2026-04-10 16:14:59.999,2026-04-10 16:14:59.999,15m,LONG,73130.2,73056.7,73364.84,72508.31,261.14,up,bullish,breakout_up_strong
2026-04-10 16:44:59.999,2026-04-10 16:44:59.999,15m,LONG,72906.3,72952.9,73252.02,72420.58,253.49,up,bullish,exhaustion_down
2026-04-10 17:44:59.999,2026-04-10 17:44:59.999,15m,LONG,73195.6,73208.4,73490.3,72706.71,238.9,up,bullish,exhaustion_up
2026-04-10 19:14:59.999,2026-04-10 19:14:59.999,15m,LONG,73114.8,73156.2,73440.09,72650.96,240.59,up,bullish,exhaustion_down
2026-04-10 20:14:59.999,2026-04-10 20:14:59.999,15m,LONG,72838.0,72834.2,73101.98,72357.64,226.93,up,bullish,breakout_down_weak
2026-04-10 20:44:59.999,2026-04-10 20:44:59.999,15m,LONG,72873.5,72855.4,73106.09,72409.26,212.45,up,bullish,exhaustion_down
2026-04-12 19:44:59.999,2026-04-12 19:44:59.999,15m,SHORT,70784.9,70636.4,70313.58,71112.35,206.94,down,bearish,exhaustion_down
2026-04-12 20:14:59.999,2026-04-12 20:14:59.999,15m,SHORT,70588.8,70875.5,70534.05,71378.91,218.88,down,bearish,breakout_down_strong
2026-04-12 20:29:59.999,2026-04-12 20:29:59.999,15m,SHORT,70684.4,70588.8,70239.03,71104.49,224.21,down,bearish,trend_continuation_up
2026-04-12 20:44:59.999,2026-04-12 20:44:59.999,15m,SHORT,70702.2,70684.3,70340.59,71191.05,220.33,down,bearish,breakout_down_strong
2026-04-12 21:29:59.999,2026-04-12 21:29:59.999,15m,SHORT,70935.4,70884.1,70535.48,71398.08,223.47,down,bearish,trend_continuation_down
2026-04-12 21:59:59.999,2026-04-12 21:59:59.999,15m,SHORT,71130.0,71023.6,70674.85,71537.78,223.55,down,bearish,breakout_up_weak
2026-04-12 22:29:59.999,2026-04-12 22:29:59.999,15m,SHORT,71061.2,71099.6,70759.18,71601.51,218.22,down,bearish,breakout_down_weak
2026-04-12 22:44:59.999,2026-04-12 22:44:59.999,15m,SHORT,71112.4,71061.3,70732.68,71545.81,210.65,down,bearish,inside_bullish_weak
2026-04-12 22:59:59.999,2026-04-12 22:59:59.999,15m,SHORT,71156.1,71112.5,70786.82,71592.68,208.77,down,bearish,inside_bearish_weak
2026-04-12 23:14:59.999,2026-04-12 23:14:59.999,15m,SHORT,70968.9,71156.0,70840.89,71620.59,202.0,down,bearish,exhaustion_up
2026-04-12 23:44:59.999,2026-04-12 23:44:59.999,15m,SHORT,71003.1,71187.6,70855.99,71676.51,212.57,down,bearish,inside_bearish_weak
2026-04-12 23:59:59.999,2026-04-12 23:59:59.999,15m,SHORT,71047.0,71003.0,70667.77,71497.25,214.89,down,bearish,inside_bullish_weak
2026-04-13 00:14:59.999,2026-04-13 00:14:59.999,15m,SHORT,71027.3,71047.0,70725.68,71520.73,205.97,down,bearish,breakout_up_weak
2026-04-13 11:14:59.999,2026-04-13 11:14:59.999,15m,SHORT,71582.1,71623.0,71284.68,72121.81,216.87,up,bearish,bearish_pressure
2026-04-13 16:29:59.999,2026-04-13 16:29:59.999,15m,LONG,72806.7,72273.2,72577.87,71731.0,258.19,up,bullish,breakout_up_strong
2026-04-13 16:44:59.999,2026-04-13 16:44:59.999,15m,LONG,72961.8,72806.7,73140.15,72213.27,282.59,up,bullish,breakout_up_strong
2026-04-13 16:59:59.999,2026-04-13 16:59:59.999,15m,LONG,73272.2,72961.7,73301.2,72357.5,287.71,up,bullish,breakout_up_strong
2026-04-13 17:14:59.999,2026-04-13 17:14:59.999,15m,LONG,73010.8,73272.1,73627.81,72639.06,301.45,up,bullish,breakout_down_weak
2026-04-13 17:44:59.999,2026-04-13 17:44:59.999,15m,LONG,73169.8,73053.1,73403.26,72429.94,296.74,up,bullish,breakout_up_strong
2026-04-13 17:59:59.999,2026-04-13 17:59:59.999,15m,LONG,73098.9,73169.9,73513.79,72557.89,291.43,up,bullish,bearish_pressure
2026-04-13 18:44:59.999,2026-04-13 18:44:59.999,15m,LONG,73227.4,73079.9,73400.43,72509.47,271.63,up,bullish,breakout_up_strong
2026-04-13 18:59:59.999,2026-04-13 18:59:59.999,15m,LONG,73140.0,73227.4,73547.74,72657.3,271.47,up,bullish,exhaustion_down
2026-04-13 19:14:59.999,2026-04-13 19:14:59.999,15m,LONG,73720.5,73140.0,73447.27,72593.16,260.4,up,bullish,breakout_up_strong
2026-04-13 19:44:59.999,2026-04-13 19:44:59.999,15m,LONG,74224.7,74103.1,74490.46,73413.73,328.27,up,bullish,breakout_up_strong
2026-04-13 20:14:59.999,2026-04-13 20:14:59.999,15m,LONG,74622.6,74600.0,75012.77,73865.4,349.81,up,bullish,exhaustion_down
2026-04-13 20:44:59.999,2026-04-13 20:44:59.999,15m,LONG,74528.8,74681.5,75096.85,73942.31,351.99,up,bullish,inside_bullish_weak
2026-04-13 22:14:59.999,2026-04-13 22:14:59.999,15m,LONG,74267.0,74127.9,74515.14,73438.74,328.17,up,bullish,exhaustion_down
2026-04-13 22:29:59.999,2026-04-13 22:29:59.999,15m,LONG,74259.3,74267.0,74654.19,73577.92,328.13,up,bullish,exhaustion_down
2026-04-13 23:44:59.999,2026-04-13 23:44:59.999,15m,LONG,74401.6,74350.1,74676.1,73769.93,276.27,up,bullish,breakout_down_weak
2026-04-13 23:59:59.999,2026-04-13 23:59:59.999,15m,LONG,74294.4,74401.5,74720.56,73833.69,270.39,up,bullish,exhaustion_down
2026-04-14 00:14:59.999,2026-04-14 00:14:59.999,15m,LONG,74311.1,74294.5,74601.73,73747.73,260.37,up,bullish,exhaustion_down
2026-04-14 01:59:59.999,2026-04-14 01:59:59.999,15m,LONG,74355.5,74350.0,74595.09,73913.82,207.71,up,bullish,inside_bullish_weak
2026-04-14 10:59:59.999,2026-04-14 10:59:59.999,15m,LONG,75471.2,75136.0,75384.13,74694.41,210.28,up,bullish,exhaustion_up
2026-04-14 11:14:59.999,2026-04-14 11:14:59.999,15m,LONG,75516.4,75471.1,75742.55,74988.01,230.04,up,bullish,trend_continuation_down
2026-04-14 11:29:59.999,2026-04-14 11:29:59.999,15m,LONG,75803.5,75516.5,75793.47,75023.6,234.72,up,bullish,exhaustion_up
2026-04-14 11:44:59.999,2026-04-14 11:44:59.999,15m,LONG,75325.6,75803.4,76093.12,75287.8,245.52,up,bullish,bearish_pressure
2026-04-14 12:44:59.999,2026-04-14 12:44:59.999,15m,LONG,75235.8,74760.9,75127.97,74107.64,311.07,up,bullish,breakout_up_strong
2026-04-14 13:14:59.999,2026-04-14 13:14:59.999,15m,LONG,75433.2,75268.1,75649.2,74589.87,322.97,up,bullish,breakout_up_strong
2026-04-14 13:44:59.999,2026-04-14 13:44:59.999,15m,LONG,75154.7,75200.1,75588.53,74508.84,329.17,up,bullish,breakout_down_weak
2026-04-14 14:59:59.999,2026-04-14 14:59:59.999,15m,LONG,74699.9,74499.7,74909.82,73769.82,347.56,up,bullish,breakout_up_strong
2026-04-14 15:14:59.999,2026-04-14 15:14:59.999,15m,LONG,74624.9,74699.9,75099.99,73987.88,339.06,up,bullish,exhaustion_up
2026-04-14 16:44:59.999,2026-04-14 16:44:59.999,15m,LONG,74069.9,74117.4,74537.93,73369.0,356.38,down,bullish,exhaustion_up
2026-04-14 17:14:59.999,2026-04-14 17:14:59.999,15m,LONG,74361.0,74176.5,74575.5,73466.42,338.13,down,bullish,breakout_up_weak
2026-04-14 17:29:59.999,2026-04-14 17:29:59.999,15m,LONG,74139.7,74361.1,74749.8,73669.34,329.41,down,bullish,breakout_down_strong
2026-04-14 17:44:59.999,2026-04-14 17:44:59.999,15m,LONG,74202.7,74139.6,74527.1,73449.99,328.39,down,bullish,exhaustion_up
2026-04-14 18:14:59.999,2026-04-14 18:14:59.999,15m,LONG,74157.9,74058.9,74429.75,73398.91,314.28,down,bullish,breakout_up_strong
2026-04-14 18:29:59.999,2026-04-14 18:29:59.999,15m,LONG,74079.9,74157.9,74519.33,73514.68,306.3,down,bullish,breakout_down_weak
2026-04-14 18:44:59.999,2026-04-14 18:44:59.999,15m,LONG,73975.6,74079.9,74428.82,73458.94,295.7,down,bullish,breakout_down_strong
2026-04-14 19:14:59.999,2026-04-14 19:14:59.999,15m,LONG,74269.2,74230.3,74576.62,73613.96,293.49,down,bullish,breakout_down_strong
2026-04-14 19:44:59.999,2026-04-14 19:44:59.999,15m,LONG,73934.8,73872.0,74223.8,73245.91,298.14,down,bullish,inside_bullish_weak
2026-04-14 19:59:59.999,2026-04-14 19:59:59.999,15m,LONG,73987.5,73934.8,74285.42,73310.82,297.14,down,bullish,inside_bullish_weak
2026-04-14 20:14:59.999,2026-04-14 20:14:59.999,15m,LONG,74065.1,73987.6,74326.64,73384.23,287.32,down,bullish,trend_continuation_up
2026-04-14 20:29:59.999,2026-04-14 20:29:59.999,15m,LONG,74071.8,74065.1,74393.72,73480.26,278.5,down,bullish,breakout_up_weak
2026-04-14 20:59:59.999,2026-04-14 20:59:59.999,15m,LONG,74106.9,74103.3,74413.83,73550.67,263.16,down,bullish,breakout_up_strong
2026-04-14 21:29:59.999,2026-04-14 21:29:59.999,15m,LONG,74538.5,74499.7,74829.47,73912.82,279.46,down,bullish,breakout_down_strong
2026-04-14 22:14:59.999,2026-04-14 22:14:59.999,15m,LONG,74701.2,74520.3,74829.91,73969.3,262.38,down,bullish,breakout_up_weak
2026-04-14 22:29:59.999,2026-04-14 22:29:59.999,15m,LONG,74636.0,74701.2,75010.16,74151.36,261.83,down,bullish,inside_bearish_weak
2026-04-14 22:44:59.999,2026-04-14 22:44:59.999,15m,LONG,74587.5,74636.4,74940.08,74095.96,257.35,down,bullish,bearish_pressure
2026-04-14 23:14:59.999,2026-04-14 23:14:59.999,15m,LONG,74494.3,74568.3,74861.69,74046.17,248.63,up,bullish,inside_bullish_weak
2026-04-14 23:29:59.999,2026-04-14 23:29:59.999,15m,LONG,74311.3,74494.3,74781.35,73983.46,243.26,up,bullish,exhaustion_up
2026-04-14 23:44:59.999,2026-04-14 23:44:59.999,15m,LONG,74240.2,74311.4,74599.17,73799.27,243.87,down,bullish,breakout_down_strong
2026-04-15 00:29:59.999,2026-04-15 00:29:59.999,15m,LONG,74250.0,74181.7,74448.03,73707.71,225.71,down,bullish,exhaustion_down
2026-04-15 01:14:59.999,2026-04-15 01:14:59.999,15m,LONG,74302.2,74296.8,74549.28,73847.48,213.96,down,bullish,breakout_up_strong
2026-04-15 08:29:59.999,2026-04-15 08:29:59.999,15m,LONG,73920.0,73987.9,74235.72,73546.86,210.02,down,bullish,breakout_down_strong
2026-04-15 08:44:59.999,2026-04-15 08:44:59.999,15m,LONG,74010.5,73920.0,74159.11,73494.47,202.63,down,bullish,inside_bullish_weak
2026-04-15 11:29:59.999,2026-04-15 11:29:59.999,15m,LONG,74388.6,74112.9,74395.29,73610.33,239.32,down,bullish,exhaustion_up
2026-04-15 11:44:59.999,2026-04-15 11:44:59.999,15m,LONG,73926.3,74388.5,74683.67,73863.2,250.14,down,bullish,breakout_down_strong
2026-04-15 11:59:59.999,2026-04-15 11:59:59.999,15m,LONG,74108.8,73926.3,74247.76,73354.2,272.43,down,bullish,breakout_up_strong
2026-04-15 12:14:59.999,2026-04-15 12:14:59.999,15m,LONG,74233.1,74108.8,74433.21,73531.46,274.92,down,bullish,exhaustion_up
2026-04-15 12:44:59.999,2026-04-15 12:44:59.999,15m,LONG,73803.0,73990.6,74326.16,73393.41,284.38,down,bullish,breakout_down_strong
2026-04-15 12:59:59.999,2026-04-15 12:59:59.999,15m,LONG,73797.5,73803.0,74152.58,73180.86,296.26,down,bullish,bullish_pressure
2026-04-15 13:29:59.999,2026-04-15 13:29:59.999,15m,LONG,74049.6,73967.9,74312.16,73355.24,291.74,down,bullish,breakout_up_weak
2026-04-15 13:44:59.999,2026-04-15 13:44:59.999,15m,LONG,73856.1,74049.5,74387.29,73448.35,286.26,down,bullish,breakout_down_weak
2026-04-15 13:59:59.999,2026-04-15 13:59:59.999,15m,LONG,73900.4,73856.1,74196.02,73251.17,288.06,down,bullish,trend_continuation_up
2026-04-15 14:29:59.999,2026-04-15 14:29:59.999,15m,LONG,74076.3,73989.2,74315.87,73407.83,276.84,down,bullish,inside_bearish_weak
2026-04-15 15:14:59.999,2026-04-15 15:14:59.999,15m,LONG,74246.7,74099.0,74423.52,73521.46,275.02,down,bullish,breakout_up_weak
2026-04-15 15:29:59.999,2026-04-15 15:29:59.999,15m,LONG,74159.3,74246.6,74568.2,73674.26,272.54,down,bullish,breakout_up_weak
2026-04-15 15:44:59.999,2026-04-15 15:44:59.999,15m,LONG,74272.6,74159.4,74474.63,73598.4,267.15,down,bullish,breakout_up_strong
2026-04-15 16:44:59.999,2026-04-15 16:44:59.999,15m,LONG,75025.5,74673.9,74968.21,74150.12,249.42,up,bullish,breakout_up_strong
2026-04-15 16:59:59.999,2026-04-15 16:59:59.999,15m,LONG,74957.8,75025.6,75346.93,74453.74,272.32,up,bullish,exhaustion_down
2026-04-15 17:29:59.999,2026-04-15 17:29:59.999,15m,LONG,74721.6,74625.8,74956.28,74037.65,280.07,up,bullish,exhaustion_down
2026-04-15 17:44:59.999,2026-04-15 17:44:59.999,15m,LONG,74701.7,74721.7,75052.29,74133.36,280.16,up,bullish,exhaustion_up
2026-04-15 18:14:59.999,2026-04-15 18:14:59.999,15m,LONG,74679.9,74796.7,75117.06,74226.57,271.49,up,bullish,breakout_down_weak
2026-04-15 19:14:59.999,2026-04-15 19:14:59.999,15m,LONG,75000.0,74703.1,74993.58,74186.14,246.17,up,bullish,breakout_up_strong
2026-04-15 19:44:59.999,2026-04-15 19:44:59.999,15m,LONG,75016.4,74945.7,75244.76,74413.47,253.44,up,bullish,exhaustion_up
2026-04-15 19:59:59.999,2026-04-15 19:59:59.999,15m,LONG,74931.3,75016.4,75340.83,74439.02,274.94,up,bullish,trend_continuation_up
2026-04-15 20:29:59.999,2026-04-15 20:29:59.999,15m,LONG,74703.1,74712.6,75039.23,74131.31,276.8,up,bullish,exhaustion_down
2026-04-15 20:59:59.999,2026-04-15 20:59:59.999,15m,LONG,74776.2,74624.4,74929.26,74081.86,258.35,up,bullish,breakout_up_strong
2026-04-15 21:29:59.999,2026-04-15 21:29:59.999,15m,LONG,74564.7,74563.8,74862.17,74032.81,252.85,up,bullish,breakout_down_weak
2026-04-15 22:59:59.999,2026-04-15 22:59:59.999,15m,LONG,74612.8,74646.5,74929.79,74142.33,240.08,up,bullish,exhaustion_down
2026-04-15 23:59:59.999,2026-04-15 23:59:59.999,15m,LONG,74840.8,75150.1,75437.12,74639.3,243.24,up,bullish,breakout_down_weak
2026-04-16 00:14:59.999,2026-04-16 00:14:59.999,15m,LONG,74906.0,74840.7,75146.75,74296.04,259.36,up,bullish,breakout_up_strong
2026-04-16 00:29:59.999,2026-04-16 00:29:59.999,15m,LONG,75000.0,74906.1,75212.73,74360.41,259.85,up,bullish,breakout_up_strong
2026-04-16 00:59:59.999,2026-04-16 00:59:59.999,15m,LONG,74865.1,74932.5,75222.8,74415.86,246.02,up,bullish,breakout_down_weak
